,id,creation_time,property1,property2,property3,property4,property5,failed,time_of_death,details,type,origin_id,network_id,contents,choice,condition_replication,current_bonus,generation,green_first,green_left,is_equal,is_overflow,is_practice,k_chose_blue,k_chose_green,k_chose_utility,metadata_type,net_decision_index,network_id,node_id,participant_id,payout_condition,proportion_blue,proportion_utility,randomization_color,running_total_pay,social_condition,tie,trial_num,chose_utility,chose_correct,asocial,condition
1633,1763,2019-09-17 16:44:53.440238,,,,,,f,,{},meme,1514,65,"{""choice"":""green"",""trial_num"":5,""is_practice"":false,""payout_condition"":""green"",""social_condition"":""social"",""randomization_color"":""green"",""proportion_utility"":0.48,""proportion_blue"":0.52,""k_chose_blue"":3,""k_chose_green"":5,""k_chose_utility"":5,""generation"":2,""network_id"":65,""node_id"":1514,""running_total_pay"":548,""current_bonus"":48,""participant_id"":139,""green_left"":false,""net_decision_index"":4,""is_overflow"":false,""is_equal"":false,""condition_replication"":2,""metadata_type"":""none"",""tie"":false}",green,2,48,2,,False,False,False,False,3,5,5.0,none,4,65,1514,139,green,0.52,0.48,green,548,social,False,5,1,False,False,0
1669,1772,2019-09-17 16:45:02.408227,,,,,,f,,{},meme,1521,66,"{""choice"":""green"",""trial_num"":6,""is_practice"":false,""payout_condition"":""green"",""social_condition"":""social"",""randomization_color"":""green"",""proportion_utility"":0.52,""proportion_blue"":0.48,""k_chose_blue"":3,""k_chose_green"":5,""k_chose_utility"":5,""generation"":2,""network_id"":66,""node_id"":1521,""running_total_pay"":650,""current_bonus"":102,""participant_id"":139,""green_left"":false,""net_decision_index"":5,""is_overflow"":false,""is_equal"":false,""condition_replication"":2,""metadata_type"":""none"",""tie"":false}",green,2,102,2,,False,False,False,False,3,5,5.0,none,5,66,1521,139,green,0.48,0.52,green,650,social,False,6,1,True,False,0
1688,1725,2019-09-17 16:44:14.404881,,,,,,f,,{},meme,1480,64,"{""choice"":""green"",""trial_num"":4,""is_practice"":true,""payout_condition"":""green"",""social_condition"":""social"",""randomization_color"":""green"",""proportion_utility"":0.54,""proportion_blue"":0.46,""k_chose_blue"":1,""k_chose_green"":7,""k_chose_utility"":7,""generation"":2,""network_id"":64,""node_id"":1480,""running_total_pay"":500,""current_bonus"":104,""participant_id"":139,""green_left"":false,""net_decision_index"":3,""is_overflow"":false,""is_equal"":false,""condition_replication"":2,""metadata_type"":""none"",""green_first"":true,""tie"":false}",green,2,104,2,True,False,False,False,True,1,7,7.0,none,3,64,1480,139,green,0.46,0.54,green,500,social,False,4,1,True,False,0
1746,1716,2019-09-17 16:44:02.160285,,,,,,f,,{},meme,1472,63,"{""choice"":""green"",""trial_num"":3,""is_practice"":true,""payout_condition"":""green"",""social_condition"":""social"",""randomization_color"":""green"",""proportion_utility"":0.47,""proportion_blue"":0.53,""k_chose_blue"":5,""k_chose_green"":3,""k_chose_utility"":3,""generation"":2,""network_id"":63,""node_id"":1472,""running_total_pay"":500,""current_bonus"":47,""participant_id"":139,""green_left"":false,""net_decision_index"":2,""is_overflow"":false,""is_equal"":false,""condition_replication"":2,""metadata_type"":""none"",""green_first"":true,""tie"":false}",green,2,47,2,True,False,False,False,True,5,3,3.0,none,2,63,1472,139,green,0.53,0.47,green,500,social,False,3,1,False,False,0
1775,1779,2019-09-17 16:45:10.616151,,,,,,f,,{},meme,1528,67,"{""choice"":""green"",""trial_num"":7,""is_practice"":false,""payout_condition"":""green"",""social_condition"":""social"",""randomization_color"":""green"",""proportion_utility"":0.51,""proportion_blue"":0.49,""k_chose_blue"":5,""k_chose_green"":3,""k_chose_utility"":3,""generation"":2,""network_id"":67,""node_id"":1528,""running_total_pay"":751,""current_bonus"":101,""participant_id"":139,""green_left"":false,""net_decision_index"":6,""is_overflow"":false,""is_equal"":false,""condition_replication"":2,""metadata_type"":""none"",""tie"":false}",green,2,101,2,,False,False,False,False,5,3,3.0,none,6,67,1528,139,green,0.49,0.51,green,751,social,False,7,1,True,False,0
1778,1705,2019-09-17 16:43:38.564264,,,,,,f,,{},meme,1441,61,"{""choice"":""green"",""trial_num"":1,""is_practice"":true,""payout_condition"":""green"",""social_condition"":""social"",""randomization_color"":""green"",""proportion_utility"":0.53,""proportion_blue"":0.47,""k_chose_blue"":1,""k_chose_green"":7,""k_chose_utility"":7,""generation"":2,""network_id"":61,""node_id"":1441,""running_total_pay"":500,""current_bonus"":103,""participant_id"":139,""green_left"":false,""net_decision_index"":0,""is_overflow"":false,""is_equal"":false,""condition_replication"":2,""metadata_type"":""none"",""tie"":false}",green,2,103,2,,False,False,False,True,1,7,7.0,none,0,61,1441,139,green,0.47,0.53,green,500,social,False,1,1,True,False,0
1779,1709,2019-09-17 16:43:50.806092,,,,,,f,,{},meme,1467,62,"{""choice"":""blue"",""trial_num"":2,""is_practice"":true,""payout_condition"":""green"",""social_condition"":""social"",""randomization_color"":""green"",""proportion_utility"":0.46,""proportion_blue"":0.54,""k_chose_blue"":4,""k_chose_green"":4,""k_chose_utility"":4,""generation"":2,""network_id"":62,""node_id"":1467,""running_total_pay"":500,""current_bonus"":96,""participant_id"":139,""green_left"":false,""net_decision_index"":1,""is_overflow"":false,""is_equal"":false,""condition_replication"":2,""metadata_type"":""none"",""green_first"":true,""tie"":true}",blue,2,96,2,True,False,False,False,True,4,4,4.0,none,1,62,1467,139,green,0.54,0.46,green,500,social,True,2,0,True,False,0
1800,1790,2019-09-17 16:45:18.861847,,,,,,f,,{},meme,1532,68,"{""choice"":""blue"",""trial_num"":8,""is_practice"":false,""payout_condition"":""green"",""social_condition"":""social"",""randomization_color"":""green"",""proportion_utility"":0.49,""proportion_blue"":0.51,""k_chose_blue"":1,""k_chose_green"":7,""k_chose_utility"":7,""generation"":2,""network_id"":68,""node_id"":1532,""running_total_pay"":850,""current_bonus"":99,""participant_id"":139,""green_left"":false,""net_decision_index"":7,""is_overflow"":false,""is_equal"":false,""condition_replication"":2,""metadata_type"":""none"",""tie"":false}",blue,2,99,2,,False,False,False,False,1,7,7.0,none,7,68,1532,139,green,0.51,0.49,green,850,social,False,8,0,True,False,0
1806,1797,2019-09-17 16:45:27.264692,,,,,,f,,{},meme,1540,71,"{""choice"":""green"",""trial_num"":9,""is_practice"":false,""payout_condition"":""green"",""social_condition"":""social"",""randomization_color"":""green"",""proportion_utility"":0.51,""proportion_blue"":0.49,""k_chose_blue"":3,""k_chose_green"":5,""k_chose_utility"":5,""generation"":2,""network_id"":71,""node_id"":1540,""running_total_pay"":951,""current_bonus"":101,""participant_id"":139,""green_left"":false,""net_decision_index"":10,""is_overflow"":false,""is_equal"":false,""condition_replication"":2,""metadata_type"":""none"",""tie"":false}",green,2,101,2,,False,False,False,False,3,5,5.0,none,10,71,1540,139,green,0.49,0.51,green,951,social,False,9,1,True,False,0
1811,1801,2019-09-17 16:45:27.951925,,,,,,f,,{},meme,1483,61,"{""choice"":""green"",""trial_num"":1,""is_practice"":true,""payout_condition"":""green"",""social_condition"":""social"",""randomization_color"":""green"",""proportion_utility"":0.53,""proportion_blue"":0.47,""k_chose_blue"":1,""k_chose_green"":7,""k_chose_utility"":7,""generation"":2,""network_id"":61,""node_id"":1483,""running_total_pay"":500,""current_bonus"":103,""participant_id"":164,""green_left"":true,""net_decision_index"":0,""is_overflow"":false,""is_equal"":false,""condition_replication"":2,""metadata_type"":""none"",""tie"":false}",green,2,103,2,,True,False,False,True,1,7,7.0,none,0,61,1483,164,green,0.47,0.53,green,500,social,False,1,1,True,False,0
1814,1826,2019-09-17 16:45:43.430906,,,,,,f,,{},meme,1555,62,"{""choice"":""green"",""trial_num"":2,""is_practice"":true,""payout_condition"":""green"",""social_condition"":""social"",""randomization_color"":""green"",""proportion_utility"":0.46,""proportion_blue"":0.54,""k_chose_blue"":4,""k_chose_green"":4,""k_chose_utility"":4,""generation"":2,""network_id"":62,""node_id"":1555,""running_total_pay"":500,""current_bonus"":46,""participant_id"":164,""green_left"":true,""net_decision_index"":1,""is_overflow"":false,""is_equal"":false,""condition_replication"":2,""metadata_type"":""none"",""green_first"":false,""tie"":true}",green,2,46,2,False,True,False,False,True,4,4,4.0,none,1,62,1555,164,green,0.54,0.46,green,500,social,True,2,1,False,False,0
1817,1844,2019-09-17 16:45:53.247551,,,,,,f,,{},meme,1571,69,"{""choice"":""green"",""trial_num"":12,""is_practice"":false,""payout_condition"":""green"",""social_condition"":""social"",""randomization_color"":""green"",""proportion_utility"":0.48,""proportion_blue"":0.52,""k_chose_blue"":3,""k_chose_green"":5,""k_chose_utility"":5,""generation"":2,""network_id"":69,""node_id"":1571,""running_total_pay"":1200,""current_bonus"":48,""participant_id"":139,""green_left"":false,""net_decision_index"":8,""is_overflow"":false,""is_equal"":false,""condition_replication"":2,""metadata_type"":""none"",""tie"":false}",green,2,48,2,,False,False,False,False,3,5,5.0,none,8,69,1571,139,green,0.52,0.48,green,1200,social,False,12,1,False,False,0
1830,1814,2019-09-17 16:45:35.008323,,,,,,f,,{},meme,1549,70,"{""choice"":""green"",""trial_num"":10,""is_practice"":false,""payout_condition"":""green"",""social_condition"":""social"",""randomization_color"":""green"",""proportion_utility"":0.52,""proportion_blue"":0.48,""k_chose_blue"":3,""k_chose_green"":5,""k_chose_utility"":5,""generation"":2,""network_id"":70,""node_id"":1549,""running_total_pay"":1053,""current_bonus"":102,""participant_id"":139,""green_left"":false,""net_decision_index"":9,""is_overflow"":false,""is_equal"":false,""condition_replication"":2,""metadata_type"":""none"",""tie"":false}",green,2,102,2,,False,False,False,False,3,5,5.0,none,9,70,1549,139,green,0.48,0.52,green,1053,social,False,10,1,True,False,0
1842,1829,2019-09-17 16:45:45.107906,,,,,,f,,{},meme,1562,72,"{""choice"":""blue"",""trial_num"":11,""is_practice"":false,""payout_condition"":""green"",""social_condition"":""social"",""randomization_color"":""green"",""proportion_utility"":0.49,""proportion_blue"":0.51,""k_chose_blue"":5,""k_chose_green"":3,""k_chose_utility"":3,""generation"":2,""network_id"":72,""node_id"":1562,""running_total_pay"":1152,""current_bonus"":99,""participant_id"":139,""green_left"":false,""net_decision_index"":11,""is_overflow"":false,""is_equal"":false,""condition_replication"":2,""metadata_type"":""none"",""tie"":false}",blue,2,99,2,,False,False,False,False,5,3,3.0,none,11,72,1562,139,green,0.51,0.49,green,1152,social,False,11,0,True,False,0
1851,1933,2019-09-17 16:46:40.982716,,,,,,f,,{},meme,1641,63,"{""choice"":""green"",""trial_num"":3,""is_practice"":true,""payout_condition"":""green"",""social_condition"":""social"",""randomization_color"":""green"",""proportion_utility"":0.47,""proportion_blue"":0.53,""k_chose_blue"":5,""k_chose_green"":3,""k_chose_utility"":3,""generation"":2,""network_id"":63,""node_id"":1641,""running_total_pay"":500,""current_bonus"":47,""participant_id"":172,""green_left"":true,""net_decision_index"":2,""is_overflow"":false,""is_equal"":false,""condition_replication"":2,""metadata_type"":""none"",""green_first"":true,""tie"":false}",green,2,47,2,True,True,False,False,True,5,3,3.0,none,2,63,1641,172,green,0.53,0.47,green,500,social,False,3,1,False,False,0
1865,1886,2019-09-17 16:46:14.998317,,,,,,f,,{},meme,1457,61,"{""choice"":""green"",""trial_num"":1,""is_practice"":true,""payout_condition"":""green"",""social_condition"":""social"",""randomization_color"":""green"",""proportion_utility"":0.53,""proportion_blue"":0.47,""k_chose_blue"":1,""k_chose_green"":7,""k_chose_utility"":7,""generation"":2,""network_id"":61,""node_id"":1457,""running_total_pay"":500,""current_bonus"":103,""participant_id"":153,""green_left"":false,""net_decision_index"":0,""is_overflow"":false,""is_equal"":false,""condition_replication"":2,""metadata_type"":""none"",""tie"":false}",green,2,103,2,,False,False,False,True,1,7,7.0,none,0,61,1457,153,green,0.47,0.53,green,500,social,False,1,1,True,False,0
1878,1966,2019-09-17 16:46:57.051472,,,,,,f,,{},meme,1659,64,"{""choice"":""green"",""trial_num"":4,""is_practice"":true,""payout_condition"":""green"",""social_condition"":""social"",""randomization_color"":""green"",""proportion_utility"":0.54,""proportion_blue"":0.46,""k_chose_blue"":1,""k_chose_green"":7,""k_chose_utility"":7,""generation"":2,""network_id"":64,""node_id"":1659,""running_total_pay"":500,""current_bonus"":104,""participant_id"":172,""green_left"":true,""net_decision_index"":3,""is_overflow"":false,""is_equal"":false,""condition_replication"":2,""metadata_type"":""none"",""green_first"":true,""tie"":false}",green,2,104,2,True,True,False,False,True,1,7,7.0,none,3,64,1659,172,green,0.46,0.54,green,500,social,False,4,1,True,False,0
1890,1891,2019-09-17 16:46:16.75524,,,,,,f,,{},meme,1605,62,"{""choice"":""blue"",""trial_num"":2,""is_practice"":true,""payout_condition"":""green"",""social_condition"":""social"",""randomization_color"":""green"",""proportion_utility"":0.46,""proportion_blue"":0.54,""k_chose_blue"":4,""k_chose_green"":4,""k_chose_utility"":4,""generation"":2,""network_id"":62,""node_id"":1605,""running_total_pay"":500,""current_bonus"":96,""participant_id"":172,""green_left"":true,""net_decision_index"":1,""is_overflow"":false,""is_equal"":false,""condition_replication"":2,""metadata_type"":""none"",""green_first"":true,""tie"":true}",blue,2,96,2,True,True,False,False,True,4,4,4.0,none,1,62,1605,172,green,0.54,0.46,green,500,social,True,2,0,True,False,0
1903,1853,2019-09-17 16:45:59.159131,,,,,,f,,{},meme,1576,63,"{""choice"":""blue"",""trial_num"":3,""is_practice"":true,""payout_condition"":""green"",""social_condition"":""social"",""randomization_color"":""green"",""proportion_utility"":0.47,""proportion_blue"":0.53,""k_chose_blue"":5,""k_chose_green"":3,""k_chose_utility"":3,""generation"":2,""network_id"":63,""node_id"":1576,""running_total_pay"":500,""current_bonus"":97,""participant_id"":164,""green_left"":true,""net_decision_index"":2,""is_overflow"":false,""is_equal"":false,""condition_replication"":2,""metadata_type"":""none"",""green_first"":false,""tie"":false}",blue,2,97,2,False,True,False,False,True,5,3,3.0,none,2,63,1576,164,green,0.53,0.47,green,500,social,False,3,0,True,False,0
1930,1860,2019-09-17 16:46:00.738558,,,,,,f,,{},meme,1529,61,"{""choice"":""green"",""trial_num"":1,""is_practice"":true,""payout_condition"":""green"",""social_condition"":""social"",""randomization_color"":""green"",""proportion_utility"":0.53,""proportion_blue"":0.47,""k_chose_blue"":1,""k_chose_green"":7,""k_chose_utility"":7,""generation"":2,""network_id"":61,""node_id"":1529,""running_total_pay"":500,""current_bonus"":103,""participant_id"":172,""green_left"":true,""net_decision_index"":0,""is_overflow"":false,""is_equal"":false,""condition_replication"":2,""metadata_type"":""none"",""tie"":false}",green,2,103,2,,True,False,False,True,1,7,7.0,none,0,61,1529,172,green,0.47,0.53,green,500,social,False,1,1,True,False,0
1946,1884,2019-09-17 16:46:13.554912,,,,,,f,,{},meme,1600,64,"{""choice"":""green"",""trial_num"":4,""is_practice"":true,""payout_condition"":""green"",""social_condition"":""social"",""randomization_color"":""green"",""proportion_utility"":0.54,""proportion_blue"":0.46,""k_chose_blue"":1,""k_chose_green"":7,""k_chose_utility"":7,""generation"":2,""network_id"":64,""node_id"":1600,""running_total_pay"":500,""current_bonus"":104,""participant_id"":164,""green_left"":true,""net_decision_index"":3,""is_overflow"":false,""is_equal"":false,""condition_replication"":2,""metadata_type"":""none"",""green_first"":false,""tie"":false}",green,2,104,2,False,True,False,False,True,1,7,7.0,none,3,64,1600,164,green,0.46,0.54,green,500,social,False,4,1,True,False,0
1970,1959,2019-09-17 16:46:53.845658,,,,,,f,,{},meme,1473,61,"{""choice"":""green"",""trial_num"":1,""is_practice"":true,""payout_condition"":""green"",""social_condition"":""social"",""randomization_color"":""green"",""proportion_utility"":0.53,""proportion_blue"":0.47,""k_chose_blue"":1,""k_chose_green"":7,""k_chose_utility"":7,""generation"":2,""network_id"":61,""node_id"":1473,""running_total_pay"":500,""current_bonus"":103,""participant_id"":163,""green_left"":false,""net_decision_index"":0,""is_overflow"":false,""is_equal"":false,""condition_replication"":2,""metadata_type"":""none"",""tie"":false}",green,2,103,2,,False,False,False,True,1,7,7.0,none,0,61,1473,163,green,0.47,0.53,green,500,social,False,1,1,True,False,0
1983,1973,2019-09-17 16:47:00.700589,,,,,,f,,{},meme,1643,62,"{""choice"":""blue"",""trial_num"":2,""is_practice"":true,""payout_condition"":""green"",""social_condition"":""social"",""randomization_color"":""green"",""proportion_utility"":0.46,""proportion_blue"":0.54,""k_chose_blue"":4,""k_chose_green"":4,""k_chose_utility"":4,""generation"":2,""network_id"":62,""node_id"":1643,""running_total_pay"":500,""current_bonus"":96,""participant_id"":153,""green_left"":false,""net_decision_index"":1,""is_overflow"":false,""is_equal"":false,""condition_replication"":2,""metadata_type"":""none"",""green_first"":true,""tie"":true}",blue,2,96,2,True,False,False,False,True,4,4,4.0,none,1,62,1643,153,green,0.54,0.46,green,500,social,True,2,0,True,False,0
2006,1994,2019-09-17 16:47:11.895999,,,,,,f,,{},meme,1679,62,"{""choice"":""blue"",""trial_num"":2,""is_practice"":true,""payout_condition"":""green"",""social_condition"":""social"",""randomization_color"":""green"",""proportion_utility"":0.46,""proportion_blue"":0.54,""k_chose_blue"":4,""k_chose_green"":4,""k_chose_utility"":4,""generation"":2,""network_id"":62,""node_id"":1679,""running_total_pay"":500,""current_bonus"":96,""participant_id"":163,""green_left"":false,""net_decision_index"":1,""is_overflow"":false,""is_equal"":false,""condition_replication"":2,""metadata_type"":""none"",""green_first"":true,""tie"":true}",blue,2,96,2,True,False,False,False,True,4,4,4.0,none,1,62,1679,163,green,0.54,0.46,green,500,social,True,2,0,True,False,0
2021,2134,2019-09-17 16:48:44.967171,,,,,,f,,{},meme,1792,69,"{""choice"":""green"",""trial_num"":12,""is_practice"":false,""payout_condition"":""green"",""social_condition"":""social"",""randomization_color"":""green"",""proportion_utility"":0.48,""proportion_blue"":0.52,""k_chose_blue"":3,""k_chose_green"":5,""k_chose_utility"":5,""generation"":2,""network_id"":69,""node_id"":1792,""running_total_pay"":1100,""current_bonus"":48,""participant_id"":164,""green_left"":true,""net_decision_index"":8,""is_overflow"":false,""is_equal"":false,""condition_replication"":2,""metadata_type"":""none"",""tie"":false}",green,2,48,2,,True,False,False,False,3,5,5.0,none,8,69,1792,164,green,0.52,0.48,green,1100,social,False,12,1,False,False,0
2023,2170,2019-09-17 16:49:19.800317,,,,,,f,,{},meme,1823,70,"{""choice"":""green"",""trial_num"":9,""is_practice"":false,""payout_condition"":""green"",""social_condition"":""social"",""randomization_color"":""green"",""proportion_utility"":0.52,""proportion_blue"":0.48,""k_chose_blue"":3,""k_chose_green"":5,""k_chose_utility"":5,""generation"":2,""network_id"":70,""node_id"":1823,""running_total_pay"":952,""current_bonus"":102,""participant_id"":163,""green_left"":false,""net_decision_index"":9,""is_overflow"":false,""is_equal"":false,""condition_replication"":2,""metadata_type"":""none"",""tie"":false}",green,2,102,2,,False,False,False,False,3,5,5.0,none,9,70,1823,163,green,0.48,0.52,green,952,social,False,9,1,True,False,0
2043,2015,2019-09-17 16:47:24.925651,,,,,,f,,{},meme,1695,63,"{""choice"":""green"",""trial_num"":3,""is_practice"":true,""payout_condition"":""green"",""social_condition"":""social"",""randomization_color"":""green"",""proportion_utility"":0.47,""proportion_blue"":0.53,""k_chose_blue"":5,""k_chose_green"":3,""k_chose_utility"":3,""generation"":2,""network_id"":63,""node_id"":1695,""running_total_pay"":500,""current_bonus"":47,""participant_id"":163,""green_left"":false,""net_decision_index"":2,""is_overflow"":false,""is_equal"":false,""condition_replication"":2,""metadata_type"":""none"",""green_first"":true,""tie"":false}",green,2,47,2,True,False,False,False,True,5,3,3.0,none,2,63,1695,163,green,0.53,0.47,green,500,social,False,3,1,False,False,0
2054,2038,2019-09-17 16:47:40.221973,,,,,,f,,{},meme,1704,63,"{""choice"":""blue"",""trial_num"":3,""is_practice"":true,""payout_condition"":""green"",""social_condition"":""social"",""randomization_color"":""green"",""proportion_utility"":0.47,""proportion_blue"":0.53,""k_chose_blue"":5,""k_chose_green"":3,""k_chose_utility"":3,""generation"":2,""network_id"":63,""node_id"":1704,""running_total_pay"":500,""current_bonus"":97,""participant_id"":153,""green_left"":false,""net_decision_index"":2,""is_overflow"":false,""is_equal"":false,""condition_replication"":2,""metadata_type"":""none"",""green_first"":true,""tie"":false}",blue,2,97,2,True,False,False,False,True,5,3,3.0,none,2,63,1704,153,green,0.53,0.47,green,500,social,False,3,0,True,False,0
2058,2102,2019-09-17 16:48:22.701692,,,,,,f,,{},meme,1766,67,"{""choice"":""blue"",""trial_num"":7,""is_practice"":false,""payout_condition"":""green"",""social_condition"":""social"",""randomization_color"":""green"",""proportion_utility"":0.51,""proportion_blue"":0.49,""k_chose_blue"":5,""k_chose_green"":3,""k_chose_utility"":3,""generation"":2,""network_id"":67,""node_id"":1766,""running_total_pay"":701,""current_bonus"":51,""participant_id"":172,""green_left"":true,""net_decision_index"":6,""is_overflow"":false,""is_equal"":false,""condition_replication"":2,""metadata_type"":""none"",""tie"":false}",blue,2,51,2,,True,False,False,False,5,3,3.0,none,6,67,1766,172,green,0.49,0.51,green,701,social,False,7,0,False,False,0
2059,2123,2019-09-17 16:48:36.13804,,,,,,f,,{},meme,1781,70,"{""choice"":""green"",""trial_num"":11,""is_practice"":false,""payout_condition"":""green"",""social_condition"":""social"",""randomization_color"":""green"",""proportion_utility"":0.52,""proportion_blue"":0.48,""k_chose_blue"":3,""k_chose_green"":5,""k_chose_utility"":5,""generation"":2,""network_id"":70,""node_id"":1781,""running_total_pay"":1052,""current_bonus"":102,""participant_id"":164,""green_left"":true,""net_decision_index"":9,""is_overflow"":false,""is_equal"":false,""condition_replication"":2,""metadata_type"":""none"",""tie"":false}",green,2,102,2,,True,False,False,False,3,5,5.0,none,9,70,1781,164,green,0.48,0.52,green,1052,social,False,11,1,True,False,0
2060,2139,2019-09-17 16:48:50.715954,,,,,,f,,{},meme,1795,66,"{""choice"":""green"",""trial_num"":6,""is_practice"":false,""payout_condition"":""green"",""social_condition"":""social"",""randomization_color"":""green"",""proportion_utility"":0.52,""proportion_blue"":0.48,""k_chose_blue"":3,""k_chose_green"":5,""k_chose_utility"":5,""generation"":2,""network_id"":66,""node_id"":1795,""running_total_pay"":700,""current_bonus"":102,""participant_id"":163,""green_left"":false,""net_decision_index"":5,""is_overflow"":false,""is_equal"":false,""condition_replication"":2,""metadata_type"":""none"",""tie"":false}",green,2,102,2,,False,False,False,False,3,5,5.0,none,5,66,1795,163,green,0.48,0.52,green,700,social,False,6,1,True,False,0
2062,2163,2019-09-17 16:49:10.890354,,,,,,f,,{},meme,1815,68,"{""choice"":""green"",""trial_num"":8,""is_practice"":false,""payout_condition"":""green"",""social_condition"":""social"",""randomization_color"":""green"",""proportion_utility"":0.49,""proportion_blue"":0.51,""k_chose_blue"":1,""k_chose_green"":7,""k_chose_utility"":7,""generation"":2,""network_id"":68,""node_id"":1815,""running_total_pay"":850,""current_bonus"":49,""participant_id"":163,""green_left"":false,""net_decision_index"":7,""is_overflow"":false,""is_equal"":false,""condition_replication"":2,""metadata_type"":""none"",""tie"":false}",green,2,49,2,,False,False,False,False,1,7,7.0,none,7,68,1815,163,green,0.51,0.49,green,850,social,False,8,1,False,False,0
2063,2179,2019-09-17 16:49:28.252397,,,,,,f,,{},meme,1829,69,"{""choice"":""green"",""trial_num"":10,""is_practice"":false,""payout_condition"":""green"",""social_condition"":""social"",""randomization_color"":""green"",""proportion_utility"":0.48,""proportion_blue"":0.52,""k_chose_blue"":3,""k_chose_green"":5,""k_chose_utility"":5,""generation"":2,""network_id"":69,""node_id"":1829,""running_total_pay"":1000,""current_bonus"":48,""participant_id"":163,""green_left"":false,""net_decision_index"":8,""is_overflow"":false,""is_equal"":false,""condition_replication"":2,""metadata_type"":""none"",""tie"":false}",green,2,48,2,,False,False,False,False,3,5,5.0,none,8,69,1829,163,green,0.52,0.48,green,1000,social,False,10,1,False,False,0
2064,2187,2019-09-17 16:49:36.731711,,,,,,f,,{},meme,1835,71,"{""choice"":""green"",""trial_num"":11,""is_practice"":false,""payout_condition"":""green"",""social_condition"":""social"",""randomization_color"":""green"",""proportion_utility"":0.51,""proportion_blue"":0.49,""k_chose_blue"":3,""k_chose_green"":5,""k_chose_utility"":5,""generation"":2,""network_id"":71,""node_id"":1835,""running_total_pay"":1101,""current_bonus"":101,""participant_id"":163,""green_left"":false,""net_decision_index"":10,""is_overflow"":false,""is_equal"":false,""condition_replication"":2,""metadata_type"":""none"",""tie"":false}",green,2,101,2,,False,False,False,False,3,5,5.0,none,10,71,1835,163,green,0.49,0.51,green,1101,social,False,11,1,True,False,0
2071,2072,2019-09-17 16:48:00.647173,,,,,,f,,{},meme,1742,67,"{""choice"":""blue"",""trial_num"":7,""is_practice"":false,""payout_condition"":""green"",""social_condition"":""social"",""randomization_color"":""green"",""proportion_utility"":0.51,""proportion_blue"":0.49,""k_chose_blue"":5,""k_chose_green"":3,""k_chose_utility"":3,""generation"":2,""network_id"":67,""node_id"":1742,""running_total_pay"":701,""current_bonus"":51,""participant_id"":164,""green_left"":true,""net_decision_index"":6,""is_overflow"":false,""is_equal"":false,""condition_replication"":2,""metadata_type"":""none"",""tie"":false}",blue,2,51,2,,True,False,False,False,5,3,3.0,none,6,67,1742,164,green,0.49,0.51,green,701,social,False,7,0,False,False,0
2094,2033,2019-09-17 16:47:36.44473,,,,,,f,,{},meme,1712,64,"{""choice"":""green"",""trial_num"":4,""is_practice"":true,""payout_condition"":""green"",""social_condition"":""social"",""randomization_color"":""green"",""proportion_utility"":0.54,""proportion_blue"":0.46,""k_chose_blue"":1,""k_chose_green"":7,""k_chose_utility"":7,""generation"":2,""network_id"":64,""node_id"":1712,""running_total_pay"":500,""current_bonus"":104,""participant_id"":163,""green_left"":false,""net_decision_index"":3,""is_overflow"":false,""is_equal"":false,""condition_replication"":2,""metadata_type"":""none"",""green_first"":true,""tie"":false}",green,2,104,2,True,False,False,False,True,1,7,7.0,none,3,64,1712,163,green,0.46,0.54,green,500,social,False,4,1,True,False,0
2098,2071,2019-09-17 16:48:00.601527,,,,,,f,,{},meme,1737,65,"{""choice"":""green"",""trial_num"":5,""is_practice"":false,""payout_condition"":""green"",""social_condition"":""social"",""randomization_color"":""green"",""proportion_utility"":0.48,""proportion_blue"":0.52,""k_chose_blue"":3,""k_chose_green"":5,""k_chose_utility"":5,""generation"":2,""network_id"":65,""node_id"":1737,""running_total_pay"":548,""current_bonus"":48,""participant_id"":172,""green_left"":true,""net_decision_index"":4,""is_overflow"":false,""is_equal"":false,""condition_replication"":2,""metadata_type"":""none"",""tie"":false}",green,2,48,2,,True,False,False,False,3,5,5.0,none,4,65,1737,172,green,0.52,0.48,green,548,social,False,5,1,False,False,0
2107,2147,2019-09-17 16:48:56.400822,,,,,,f,,{},meme,1801,69,"{""choice"":""green"",""trial_num"":10,""is_practice"":false,""payout_condition"":""green"",""social_condition"":""social"",""randomization_color"":""green"",""proportion_utility"":0.48,""proportion_blue"":0.52,""k_chose_blue"":3,""k_chose_green"":5,""k_chose_utility"":5,""generation"":2,""network_id"":69,""node_id"":1801,""running_total_pay"":897,""current_bonus"":48,""participant_id"":172,""green_left"":true,""net_decision_index"":8,""is_overflow"":false,""is_equal"":false,""condition_replication"":2,""metadata_type"":""none"",""tie"":false}",green,2,48,2,,True,False,False,False,3,5,5.0,none,8,69,1801,172,green,0.52,0.48,green,897,social,False,10,1,False,False,0
2108,2159,2019-09-17 16:49:06.682795,,,,,,f,,{},meme,1812,70,"{""choice"":""green"",""trial_num"":11,""is_practice"":false,""payout_condition"":""green"",""social_condition"":""social"",""randomization_color"":""green"",""proportion_utility"":0.52,""proportion_blue"":0.48,""k_chose_blue"":3,""k_chose_green"":5,""k_chose_utility"":5,""generation"":2,""network_id"":70,""node_id"":1812,""running_total_pay"":999,""current_bonus"":102,""participant_id"":172,""green_left"":true,""net_decision_index"":9,""is_overflow"":false,""is_equal"":false,""condition_replication"":2,""metadata_type"":""none"",""tie"":false}",green,2,102,2,,True,False,False,False,3,5,5.0,none,9,70,1812,172,green,0.48,0.52,green,999,social,False,11,1,True,False,0
2113,2041,2019-09-17 16:47:40.908206,,,,,,f,,{},meme,1719,65,"{""choice"":""green"",""trial_num"":5,""is_practice"":false,""payout_condition"":""green"",""social_condition"":""social"",""randomization_color"":""green"",""proportion_utility"":0.48,""proportion_blue"":0.52,""k_chose_blue"":3,""k_chose_green"":5,""k_chose_utility"":5,""generation"":2,""network_id"":65,""node_id"":1719,""running_total_pay"":548,""current_bonus"":48,""participant_id"":164,""green_left"":true,""net_decision_index"":4,""is_overflow"":false,""is_equal"":false,""condition_replication"":2,""metadata_type"":""none"",""tie"":false}",green,2,48,2,,True,False,False,False,3,5,5.0,none,4,65,1719,164,green,0.52,0.48,green,548,social,False,5,1,False,False,0
2115,2551,2019-09-17 17:19:06.817635,,,,,,f,,{},meme,2114,67,"{""choice"":""blue"",""trial_num"":7,""is_practice"":false,""payout_condition"":""green"",""social_condition"":""social"",""randomization_color"":""green"",""proportion_utility"":0.51,""proportion_blue"":0.49,""k_chose_blue"":5,""k_chose_green"":3,""k_chose_utility"":3,""generation"":2,""network_id"":67,""node_id"":2114,""running_total_pay"":701,""current_bonus"":51,""participant_id"":200,""green_left"":true,""net_decision_index"":6,""is_overflow"":false,""is_equal"":false,""condition_replication"":2,""metadata_type"":""none"",""tie"":false}",blue,2,51,2,,True,False,False,False,5,3,3.0,none,6,67,2114,200,green,0.49,0.51,green,701,social,False,7,0,False,False,0
2135,2169,2019-09-17 16:49:18.666766,,,,,,f,,{},meme,1820,71,"{""choice"":""green"",""trial_num"":12,""is_practice"":false,""payout_condition"":""green"",""social_condition"":""social"",""randomization_color"":""green"",""proportion_utility"":0.51,""proportion_blue"":0.49,""k_chose_blue"":3,""k_chose_green"":5,""k_chose_utility"":5,""generation"":2,""network_id"":71,""node_id"":1820,""running_total_pay"":1100,""current_bonus"":101,""participant_id"":172,""green_left"":true,""net_decision_index"":10,""is_overflow"":false,""is_equal"":false,""condition_replication"":2,""metadata_type"":""none"",""tie"":false}",green,2,101,2,,True,False,False,False,3,5,5.0,none,10,71,1820,172,green,0.49,0.51,green,1100,social,False,12,1,True,False,0
2153,2084,2019-09-17 16:48:09.715591,,,,,,f,,{},meme,1752,68,"{""choice"":""green"",""trial_num"":8,""is_practice"":false,""payout_condition"":""green"",""social_condition"":""social"",""randomization_color"":""green"",""proportion_utility"":0.49,""proportion_blue"":0.51,""k_chose_blue"":1,""k_chose_green"":7,""k_chose_utility"":7,""generation"":2,""network_id"":68,""node_id"":1752,""running_total_pay"":750,""current_bonus"":49,""participant_id"":164,""green_left"":true,""net_decision_index"":7,""is_overflow"":false,""is_equal"":false,""condition_replication"":2,""metadata_type"":""none"",""tie"":false}",green,2,49,2,,True,False,False,False,1,7,7.0,none,7,68,1752,164,green,0.51,0.49,green,750,social,False,8,1,False,False,0
2154,2088,2019-09-17 16:48:11.886584,,,,,,f,,{},meme,1753,66,"{""choice"":""green"",""trial_num"":6,""is_practice"":false,""payout_condition"":""green"",""social_condition"":""social"",""randomization_color"":""green"",""proportion_utility"":0.52,""proportion_blue"":0.48,""k_chose_blue"":3,""k_chose_green"":5,""k_chose_utility"":5,""generation"":2,""network_id"":66,""node_id"":1753,""running_total_pay"":650,""current_bonus"":102,""participant_id"":172,""green_left"":true,""net_decision_index"":5,""is_overflow"":false,""is_equal"":false,""condition_replication"":2,""metadata_type"":""none"",""tie"":false}",green,2,102,2,,True,False,False,False,3,5,5.0,none,5,66,1753,172,green,0.48,0.52,green,650,social,False,6,1,True,False,0
2159,2060,2019-09-17 16:47:51.081451,,,,,,f,,{},meme,1731,66,"{""choice"":""green"",""trial_num"":6,""is_practice"":false,""payout_condition"":""green"",""social_condition"":""social"",""randomization_color"":""green"",""proportion_utility"":0.52,""proportion_blue"":0.48,""k_chose_blue"":3,""k_chose_green"":5,""k_chose_utility"":5,""generation"":2,""network_id"":66,""node_id"":1731,""running_total_pay"":650,""current_bonus"":102,""participant_id"":164,""green_left"":true,""net_decision_index"":5,""is_overflow"":false,""is_equal"":false,""condition_replication"":2,""metadata_type"":""none"",""tie"":false}",green,2,102,2,,True,False,False,False,3,5,5.0,none,5,66,1731,164,green,0.48,0.52,green,650,social,False,6,1,True,False,0
2173,2085,2019-09-17 16:48:10.504583,,,,,,f,,{},meme,1743,64,"{""choice"":""green"",""trial_num"":4,""is_practice"":true,""payout_condition"":""green"",""social_condition"":""social"",""randomization_color"":""green"",""proportion_utility"":0.54,""proportion_blue"":0.46,""k_chose_blue"":1,""k_chose_green"":7,""k_chose_utility"":7,""generation"":2,""network_id"":64,""node_id"":1743,""running_total_pay"":500,""current_bonus"":104,""participant_id"":153,""green_left"":false,""net_decision_index"":3,""is_overflow"":false,""is_equal"":false,""condition_replication"":2,""metadata_type"":""none"",""green_first"":true,""tie"":false}",green,2,104,2,True,False,False,False,True,1,7,7.0,none,3,64,1743,153,green,0.46,0.54,green,500,social,False,4,1,True,False,0
2177,2097,2019-09-17 16:48:18.376007,,,,,,f,,{},meme,1762,72,"{""choice"":""blue"",""trial_num"":9,""is_practice"":false,""payout_condition"":""green"",""social_condition"":""social"",""randomization_color"":""green"",""proportion_utility"":0.49,""proportion_blue"":0.51,""k_chose_blue"":5,""k_chose_green"":3,""k_chose_utility"":3,""generation"":2,""network_id"":72,""node_id"":1762,""running_total_pay"":849,""current_bonus"":99,""participant_id"":164,""green_left"":true,""net_decision_index"":11,""is_overflow"":false,""is_equal"":false,""condition_replication"":2,""metadata_type"":""none"",""tie"":false}",blue,2,99,2,,True,False,False,False,5,3,3.0,none,11,72,1762,164,green,0.51,0.49,green,849,social,False,9,0,True,False,0
2190,2122,2019-09-17 16:48:35.553993,,,,,,f,,{},meme,1777,68,"{""choice"":""green"",""trial_num"":8,""is_practice"":false,""payout_condition"":""green"",""social_condition"":""social"",""randomization_color"":""green"",""proportion_utility"":0.49,""proportion_blue"":0.51,""k_chose_blue"":1,""k_chose_green"":7,""k_chose_utility"":7,""generation"":2,""network_id"":68,""node_id"":1777,""running_total_pay"":750,""current_bonus"":49,""participant_id"":172,""green_left"":true,""net_decision_index"":7,""is_overflow"":false,""is_equal"":false,""condition_replication"":2,""metadata_type"":""none"",""tie"":false}",green,2,49,2,,True,False,False,False,1,7,7.0,none,7,68,1777,172,green,0.51,0.49,green,750,social,False,8,1,False,False,0
2195,2193,2019-09-17 16:49:45.713485,,,,,,f,,{},meme,1839,72,"{""choice"":""blue"",""trial_num"":12,""is_practice"":false,""payout_condition"":""green"",""social_condition"":""social"",""randomization_color"":""green"",""proportion_utility"":0.49,""proportion_blue"":0.51,""k_chose_blue"":5,""k_chose_green"":3,""k_chose_utility"":3,""generation"":2,""network_id"":72,""node_id"":1839,""running_total_pay"":1200,""current_bonus"":99,""participant_id"":163,""green_left"":false,""net_decision_index"":11,""is_overflow"":false,""is_equal"":false,""condition_replication"":2,""metadata_type"":""none"",""tie"":false}",blue,2,99,2,,False,False,False,False,5,3,3.0,none,11,72,1839,163,green,0.51,0.49,green,1200,social,False,12,0,True,False,0
2199,2112,2019-09-17 16:48:27.179928,,,,,,f,,{},meme,1770,71,"{""choice"":""green"",""trial_num"":10,""is_practice"":false,""payout_condition"":""green"",""social_condition"":""social"",""randomization_color"":""green"",""proportion_utility"":0.51,""proportion_blue"":0.49,""k_chose_blue"":3,""k_chose_green"":5,""k_chose_utility"":5,""generation"":2,""network_id"":71,""node_id"":1770,""running_total_pay"":950,""current_bonus"":101,""participant_id"":164,""green_left"":true,""net_decision_index"":10,""is_overflow"":false,""is_equal"":false,""condition_replication"":2,""metadata_type"":""none"",""tie"":false}",green,2,101,2,,True,False,False,False,3,5,5.0,none,10,71,1770,164,green,0.49,0.51,green,950,social,False,10,1,True,False,0
2209,2128,2019-09-17 16:48:41.236264,,,,,,f,,{},meme,1784,65,"{""choice"":""blue"",""trial_num"":5,""is_practice"":false,""payout_condition"":""green"",""social_condition"":""social"",""randomization_color"":""green"",""proportion_utility"":0.48,""proportion_blue"":0.52,""k_chose_blue"":3,""k_chose_green"":5,""k_chose_utility"":5,""generation"":2,""network_id"":65,""node_id"":1784,""running_total_pay"":598,""current_bonus"":98,""participant_id"":163,""green_left"":false,""net_decision_index"":4,""is_overflow"":false,""is_equal"":false,""condition_replication"":2,""metadata_type"":""none"",""tie"":false}",blue,2,98,2,,False,False,False,False,3,5,5.0,none,4,65,1784,163,green,0.52,0.48,green,598,social,False,5,0,True,False,0
2214,2135,2019-09-17 16:48:46.183037,,,,,,f,,{},meme,1791,72,"{""choice"":""blue"",""trial_num"":9,""is_practice"":false,""payout_condition"":""green"",""social_condition"":""social"",""randomization_color"":""green"",""proportion_utility"":0.49,""proportion_blue"":0.51,""k_chose_blue"":5,""k_chose_green"":3,""k_chose_utility"":3,""generation"":2,""network_id"":72,""node_id"":1791,""running_total_pay"":849,""current_bonus"":99,""participant_id"":172,""green_left"":true,""net_decision_index"":11,""is_overflow"":false,""is_equal"":false,""condition_replication"":2,""metadata_type"":""none"",""tie"":false}",blue,2,99,2,,True,False,False,False,5,3,3.0,none,11,72,1791,172,green,0.51,0.49,green,849,social,False,9,0,True,False,0
2218,2152,2019-09-17 16:49:02.72018,,,,,,f,,{},meme,1803,67,"{""choice"":""green"",""trial_num"":7,""is_practice"":false,""payout_condition"":""green"",""social_condition"":""social"",""randomization_color"":""green"",""proportion_utility"":0.51,""proportion_blue"":0.49,""k_chose_blue"":5,""k_chose_green"":3,""k_chose_utility"":3,""generation"":2,""network_id"":67,""node_id"":1803,""running_total_pay"":801,""current_bonus"":101,""participant_id"":163,""green_left"":false,""net_decision_index"":6,""is_overflow"":false,""is_equal"":false,""condition_replication"":2,""metadata_type"":""none"",""tie"":false}",green,2,101,2,,False,False,False,False,5,3,3.0,none,6,67,1803,163,green,0.49,0.51,green,801,social,False,7,1,True,False,0
2225,2191,2019-09-17 16:49:41.004772,,,,,,f,,{},meme,1755,61,"{""choice"":""green"",""trial_num"":1,""is_practice"":true,""payout_condition"":""green"",""social_condition"":""social"",""randomization_color"":""green"",""proportion_utility"":0.53,""proportion_blue"":0.47,""k_chose_blue"":1,""k_chose_green"":7,""k_chose_utility"":7,""generation"":2,""network_id"":61,""node_id"":1755,""running_total_pay"":500,""current_bonus"":103,""participant_id"":178,""green_left"":true,""net_decision_index"":0,""is_overflow"":false,""is_equal"":false,""condition_replication"":2,""metadata_type"":""none"",""tie"":false}",green,2,103,2,,True,False,False,True,1,7,7.0,none,0,61,1755,178,green,0.47,0.53,green,500,social,False,1,1,True,False,0
2229,2200,2019-09-17 16:49:51.697806,,,,,,f,,{},meme,1843,62,"{""choice"":""blue"",""trial_num"":2,""is_practice"":true,""payout_condition"":""green"",""social_condition"":""social"",""randomization_color"":""green"",""proportion_utility"":0.46,""proportion_blue"":0.54,""k_chose_blue"":4,""k_chose_green"":4,""k_chose_utility"":4,""generation"":2,""network_id"":62,""node_id"":1843,""running_total_pay"":500,""current_bonus"":96,""participant_id"":178,""green_left"":true,""net_decision_index"":1,""is_overflow"":false,""is_equal"":false,""condition_replication"":2,""metadata_type"":""none"",""green_first"":false,""tie"":true}",blue,2,96,2,False,True,False,False,True,4,4,4.0,none,1,62,1843,178,green,0.54,0.46,green,500,social,True,2,0,True,False,0
2230,2210,2019-09-17 16:50:03.969846,,,,,,f,,{},meme,1847,63,"{""choice"":""green"",""trial_num"":3,""is_practice"":true,""payout_condition"":""green"",""social_condition"":""social"",""randomization_color"":""green"",""proportion_utility"":0.47,""proportion_blue"":0.53,""k_chose_blue"":5,""k_chose_green"":3,""k_chose_utility"":3,""generation"":2,""network_id"":63,""node_id"":1847,""running_total_pay"":500,""current_bonus"":47,""participant_id"":178,""green_left"":true,""net_decision_index"":2,""is_overflow"":false,""is_equal"":false,""condition_replication"":2,""metadata_type"":""none"",""green_first"":false,""tie"":false}",green,2,47,2,False,True,False,False,True,5,3,3.0,none,2,63,1847,178,green,0.53,0.47,green,500,social,False,3,1,False,False,0
2234,2214,2019-09-17 16:50:17.97397,,,,,,f,,{},meme,1851,64,"{""choice"":""green"",""trial_num"":4,""is_practice"":true,""payout_condition"":""green"",""social_condition"":""social"",""randomization_color"":""green"",""proportion_utility"":0.54,""proportion_blue"":0.46,""k_chose_blue"":1,""k_chose_green"":7,""k_chose_utility"":7,""generation"":2,""network_id"":64,""node_id"":1851,""running_total_pay"":500,""current_bonus"":104,""participant_id"":178,""green_left"":true,""net_decision_index"":3,""is_overflow"":false,""is_equal"":false,""condition_replication"":2,""metadata_type"":""none"",""green_first"":false,""tie"":false}",green,2,104,2,False,True,False,False,True,1,7,7.0,none,3,64,1851,178,green,0.46,0.54,green,500,social,False,4,1,True,False,0
2272,2239,2019-09-17 16:51:09.824437,,,,,,f,,{},meme,1870,65,"{""choice"":""green"",""trial_num"":5,""is_practice"":false,""payout_condition"":""green"",""social_condition"":""social"",""randomization_color"":""green"",""proportion_utility"":0.48,""proportion_blue"":0.52,""k_chose_blue"":3,""k_chose_green"":5,""k_chose_utility"":5,""generation"":2,""network_id"":65,""node_id"":1870,""running_total_pay"":548,""current_bonus"":48,""participant_id"":178,""green_left"":true,""net_decision_index"":4,""is_overflow"":false,""is_equal"":false,""condition_replication"":2,""metadata_type"":""none"",""tie"":false}",green,2,48,2,,True,False,False,False,3,5,5.0,none,4,65,1870,178,green,0.52,0.48,green,548,social,False,5,1,False,False,0
2276,2265,2019-09-17 16:51:47.366658,,,,,,f,,{},meme,1883,65,"{""choice"":""green"",""trial_num"":5,""is_practice"":false,""payout_condition"":""green"",""social_condition"":""social"",""randomization_color"":""green"",""proportion_utility"":0.48,""proportion_blue"":0.52,""k_chose_blue"":3,""k_chose_green"":5,""k_chose_utility"":5,""generation"":2,""network_id"":65,""node_id"":1883,""running_total_pay"":548,""current_bonus"":48,""participant_id"":153,""green_left"":false,""net_decision_index"":4,""is_overflow"":false,""is_equal"":false,""condition_replication"":2,""metadata_type"":""none"",""tie"":false}",green,2,48,2,,False,False,False,False,3,5,5.0,none,4,65,1883,153,green,0.52,0.48,green,548,social,False,5,1,False,False,0
2278,2278,2019-09-17 16:52:05.023288,,,,,,f,,{},meme,1903,69,"{""choice"":""green"",""trial_num"":10,""is_practice"":false,""payout_condition"":""green"",""social_condition"":""social"",""randomization_color"":""green"",""proportion_utility"":0.48,""proportion_blue"":0.52,""k_chose_blue"":3,""k_chose_green"":5,""k_chose_utility"":5,""generation"":2,""network_id"":69,""node_id"":1903,""running_total_pay"":899,""current_bonus"":48,""participant_id"":178,""green_left"":true,""net_decision_index"":8,""is_overflow"":false,""is_equal"":false,""condition_replication"":2,""metadata_type"":""none"",""tie"":false}",green,2,48,2,,True,False,False,False,3,5,5.0,none,8,69,1903,178,green,0.52,0.48,green,899,social,False,10,1,False,False,0
2280,2311,2019-09-17 16:53:06.79587,,,,,,f,,{},meme,1913,61,"{""choice"":""green"",""trial_num"":1,""is_practice"":true,""payout_condition"":""green"",""social_condition"":""social"",""randomization_color"":""green"",""proportion_utility"":0.53,""proportion_blue"":0.47,""k_chose_blue"":1,""k_chose_green"":7,""k_chose_utility"":7,""generation"":2,""network_id"":61,""node_id"":1913,""running_total_pay"":500,""current_bonus"":103,""participant_id"":187,""green_left"":false,""net_decision_index"":0,""is_overflow"":false,""is_equal"":false,""condition_replication"":2,""metadata_type"":""none"",""tie"":false}",green,2,103,2,,False,False,False,True,1,7,7.0,none,0,61,1913,187,green,0.47,0.53,green,500,social,False,1,1,True,False,0
2290,2417,2019-09-17 16:57:43.283442,,,,,,f,,{},meme,2009,67,"{""choice"":""blue"",""trial_num"":7,""is_practice"":false,""payout_condition"":""green"",""social_condition"":""social"",""randomization_color"":""green"",""proportion_utility"":0.51,""proportion_blue"":0.49,""k_chose_blue"":5,""k_chose_green"":3,""k_chose_utility"":3,""generation"":2,""network_id"":67,""node_id"":2009,""running_total_pay"":701,""current_bonus"":51,""participant_id"":187,""green_left"":false,""net_decision_index"":6,""is_overflow"":false,""is_equal"":false,""condition_replication"":2,""metadata_type"":""none"",""tie"":false}",blue,2,51,2,,False,False,False,False,5,3,3.0,none,6,67,2009,187,green,0.49,0.51,green,701,social,False,7,0,False,False,0
2291,2431,2019-09-17 16:59:22.769347,,,,,,f,,{},meme,2021,71,"{""choice"":""green"",""trial_num"":9,""is_practice"":false,""payout_condition"":""green"",""social_condition"":""social"",""randomization_color"":""green"",""proportion_utility"":0.51,""proportion_blue"":0.49,""k_chose_blue"":3,""k_chose_green"":5,""k_chose_utility"":5,""generation"":2,""network_id"":71,""node_id"":2021,""running_total_pay"":951,""current_bonus"":101,""participant_id"":189,""green_left"":true,""net_decision_index"":10,""is_overflow"":false,""is_equal"":false,""condition_replication"":2,""metadata_type"":""none"",""tie"":false}",green,2,101,2,,True,False,False,False,3,5,5.0,none,10,71,2021,189,green,0.49,0.51,green,951,social,False,9,1,True,False,0
2294,2246,2019-09-17 16:51:19.701704,,,,,,f,,{},meme,1877,66,"{""choice"":""green"",""trial_num"":6,""is_practice"":false,""payout_condition"":""green"",""social_condition"":""social"",""randomization_color"":""green"",""proportion_utility"":0.52,""proportion_blue"":0.48,""k_chose_blue"":3,""k_chose_green"":5,""k_chose_utility"":5,""generation"":2,""network_id"":66,""node_id"":1877,""running_total_pay"":650,""current_bonus"":102,""participant_id"":178,""green_left"":true,""net_decision_index"":5,""is_overflow"":false,""is_equal"":false,""condition_replication"":2,""metadata_type"":""none"",""tie"":false}",green,2,102,2,,True,False,False,False,3,5,5.0,none,5,66,1877,178,green,0.48,0.52,green,650,social,False,6,1,True,False,0
2299,2254,2019-09-17 16:51:31.549781,,,,,,f,,{},meme,1884,67,"{""choice"":""blue"",""trial_num"":7,""is_practice"":false,""payout_condition"":""green"",""social_condition"":""social"",""randomization_color"":""green"",""proportion_utility"":0.51,""proportion_blue"":0.49,""k_chose_blue"":5,""k_chose_green"":3,""k_chose_utility"":3,""generation"":2,""network_id"":67,""node_id"":1884,""running_total_pay"":701,""current_bonus"":51,""participant_id"":178,""green_left"":true,""net_decision_index"":6,""is_overflow"":false,""is_equal"":false,""condition_replication"":2,""metadata_type"":""none"",""tie"":false}",blue,2,51,2,,True,False,False,False,5,3,3.0,none,6,67,1884,178,green,0.49,0.51,green,701,social,False,7,0,False,False,0
2304,2263,2019-09-17 16:51:42.675593,,,,,,f,,{},meme,1892,68,"{""choice"":""green"",""trial_num"":8,""is_practice"":false,""payout_condition"":""green"",""social_condition"":""social"",""randomization_color"":""green"",""proportion_utility"":0.49,""proportion_blue"":0.51,""k_chose_blue"":1,""k_chose_green"":7,""k_chose_utility"":7,""generation"":2,""network_id"":68,""node_id"":1892,""running_total_pay"":750,""current_bonus"":49,""participant_id"":178,""green_left"":true,""net_decision_index"":7,""is_overflow"":false,""is_equal"":false,""condition_replication"":2,""metadata_type"":""none"",""tie"":false}",green,2,49,2,,True,False,False,False,1,7,7.0,none,7,68,1892,178,green,0.51,0.49,green,750,social,False,8,1,False,False,0
2316,2289,2019-09-17 16:52:26.133785,,,,,,f,,{},meme,1910,70,"{""choice"":""green"",""trial_num"":12,""is_practice"":false,""payout_condition"":""green"",""social_condition"":""social"",""randomization_color"":""green"",""proportion_utility"":0.52,""proportion_blue"":0.48,""k_chose_blue"":3,""k_chose_green"":5,""k_chose_utility"":5,""generation"":2,""network_id"":70,""node_id"":1910,""running_total_pay"":1100,""current_bonus"":102,""participant_id"":178,""green_left"":true,""net_decision_index"":9,""is_overflow"":false,""is_equal"":false,""condition_replication"":2,""metadata_type"":""none"",""tie"":false}",green,2,102,2,,True,False,False,False,3,5,5.0,none,9,70,1910,178,green,0.48,0.52,green,1100,social,False,12,1,True,False,0
2321,2348,2019-09-17 16:53:56.975777,,,,,,f,,{},meme,1950,72,"{""choice"":""blue"",""trial_num"":10,""is_practice"":false,""payout_condition"":""green"",""social_condition"":""social"",""randomization_color"":""green"",""proportion_utility"":0.49,""proportion_blue"":0.51,""k_chose_blue"":5,""k_chose_green"":3,""k_chose_utility"":3,""generation"":2,""network_id"":72,""node_id"":1950,""running_total_pay"":951,""current_bonus"":99,""participant_id"":153,""green_left"":false,""net_decision_index"":11,""is_overflow"":false,""is_equal"":false,""condition_replication"":2,""metadata_type"":""none"",""tie"":false}",blue,2,99,2,,False,False,False,False,5,3,3.0,none,11,72,1950,153,green,0.51,0.49,green,951,social,False,10,0,True,False,0
2329,2426,2019-09-17 16:58:42.249226,,,,,,f,,{},meme,2016,66,"{""choice"":""green"",""trial_num"":6,""is_practice"":false,""payout_condition"":""green"",""social_condition"":""social"",""randomization_color"":""green"",""proportion_utility"":0.52,""proportion_blue"":0.48,""k_chose_blue"":3,""k_chose_green"":5,""k_chose_utility"":5,""generation"":2,""network_id"":66,""node_id"":2016,""running_total_pay"":700,""current_bonus"":102,""participant_id"":189,""green_left"":true,""net_decision_index"":5,""is_overflow"":false,""is_equal"":false,""condition_replication"":2,""metadata_type"":""none"",""tie"":false}",green,2,102,2,,True,False,False,False,3,5,5.0,none,5,66,2016,189,green,0.48,0.52,green,700,social,False,6,1,True,False,0
2330,2270,2019-09-17 16:51:53.003448,,,,,,f,,{},meme,1897,71,"{""choice"":""green"",""trial_num"":9,""is_practice"":false,""payout_condition"":""green"",""social_condition"":""social"",""randomization_color"":""green"",""proportion_utility"":0.51,""proportion_blue"":0.49,""k_chose_blue"":3,""k_chose_green"":5,""k_chose_utility"":5,""generation"":2,""network_id"":71,""node_id"":1897,""running_total_pay"":851,""current_bonus"":101,""participant_id"":178,""green_left"":true,""net_decision_index"":10,""is_overflow"":false,""is_equal"":false,""condition_replication"":2,""metadata_type"":""none"",""tie"":false}",green,2,101,2,,True,False,False,False,3,5,5.0,none,10,71,1897,178,green,0.49,0.51,green,851,social,False,9,1,True,False,0
2338,2281,2019-09-17 16:52:16.132392,,,,,,f,,{},meme,1906,72,"{""choice"":""blue"",""trial_num"":11,""is_practice"":false,""payout_condition"":""green"",""social_condition"":""social"",""randomization_color"":""green"",""proportion_utility"":0.49,""proportion_blue"":0.51,""k_chose_blue"":5,""k_chose_green"":3,""k_chose_utility"":3,""generation"":2,""network_id"":72,""node_id"":1906,""running_total_pay"":998,""current_bonus"":99,""participant_id"":178,""green_left"":true,""net_decision_index"":11,""is_overflow"":false,""is_equal"":false,""condition_replication"":2,""metadata_type"":""none"",""tie"":false}",blue,2,99,2,,True,False,False,False,5,3,3.0,none,11,72,1906,178,green,0.51,0.49,green,998,social,False,11,0,True,False,0
2350,2343,2019-09-17 16:53:49.750886,,,,,,f,,{},meme,1954,64,"{""choice"":""green"",""trial_num"":4,""is_practice"":true,""payout_condition"":""green"",""social_condition"":""social"",""randomization_color"":""green"",""proportion_utility"":0.54,""proportion_blue"":0.46,""k_chose_blue"":1,""k_chose_green"":7,""k_chose_utility"":7,""generation"":2,""network_id"":64,""node_id"":1954,""running_total_pay"":500,""current_bonus"":104,""participant_id"":187,""green_left"":false,""net_decision_index"":3,""is_overflow"":false,""is_equal"":false,""condition_replication"":2,""metadata_type"":""none"",""green_first"":true,""tie"":false}",green,2,104,2,True,False,False,False,True,1,7,7.0,none,3,64,1954,187,green,0.46,0.54,green,500,social,False,4,1,True,False,0
2355,2421,2019-09-17 16:58:09.377463,,,,,,f,,{},meme,2012,71,"{""choice"":""green"",""trial_num"":10,""is_practice"":false,""payout_condition"":""green"",""social_condition"":""social"",""randomization_color"":""green"",""proportion_utility"":0.51,""proportion_blue"":0.49,""k_chose_blue"":3,""k_chose_green"":5,""k_chose_utility"":5,""generation"":2,""network_id"":71,""node_id"":2012,""running_total_pay"":953,""current_bonus"":101,""participant_id"":187,""green_left"":false,""net_decision_index"":10,""is_overflow"":false,""is_equal"":false,""condition_replication"":2,""metadata_type"":""none"",""tie"":false}",green,2,101,2,,False,False,False,False,3,5,5.0,none,10,71,2012,187,green,0.49,0.51,green,953,social,False,10,1,True,False,0
2357,2283,2019-09-17 16:52:19.847176,,,,,,f,,{},meme,1902,66,"{""choice"":""blue"",""trial_num"":6,""is_practice"":false,""payout_condition"":""green"",""social_condition"":""social"",""randomization_color"":""green"",""proportion_utility"":0.52,""proportion_blue"":0.48,""k_chose_blue"":3,""k_chose_green"":5,""k_chose_utility"":5,""generation"":2,""network_id"":66,""node_id"":1902,""running_total_pay"":600,""current_bonus"":52,""participant_id"":153,""green_left"":false,""net_decision_index"":5,""is_overflow"":false,""is_equal"":false,""condition_replication"":2,""metadata_type"":""none"",""tie"":false}",blue,2,52,2,,False,False,False,False,3,5,5.0,none,5,66,1902,153,green,0.48,0.52,green,600,social,False,6,0,False,False,0
2375,2418,2019-09-17 16:57:51.933111,,,,,,f,,{},meme,2010,68,"{""choice"":""green"",""trial_num"":8,""is_practice"":false,""payout_condition"":""green"",""social_condition"":""social"",""randomization_color"":""green"",""proportion_utility"":0.49,""proportion_blue"":0.51,""k_chose_blue"":1,""k_chose_green"":7,""k_chose_utility"":7,""generation"":2,""network_id"":68,""node_id"":2010,""running_total_pay"":750,""current_bonus"":49,""participant_id"":187,""green_left"":false,""net_decision_index"":7,""is_overflow"":false,""is_equal"":false,""condition_replication"":2,""metadata_type"":""none"",""tie"":false}",green,2,49,2,,False,False,False,False,1,7,7.0,none,7,68,2010,187,green,0.51,0.49,green,750,social,False,8,1,False,False,0
2376,2422,2019-09-17 16:58:17.397621,,,,,,f,,{},meme,2013,69,"{""choice"":""blue"",""trial_num"":11,""is_practice"":false,""payout_condition"":""green"",""social_condition"":""social"",""randomization_color"":""green"",""proportion_utility"":0.48,""proportion_blue"":0.52,""k_chose_blue"":3,""k_chose_green"":5,""k_chose_utility"":5,""generation"":2,""network_id"":69,""node_id"":2013,""running_total_pay"":1051,""current_bonus"":98,""participant_id"":187,""green_left"":false,""net_decision_index"":8,""is_overflow"":false,""is_equal"":false,""condition_replication"":2,""metadata_type"":""none"",""tie"":false}",blue,2,98,2,,False,False,False,False,3,5,5.0,none,8,69,2013,187,green,0.52,0.48,green,1051,social,False,11,0,True,False,0
2377,2424,2019-09-17 16:58:31.228785,,,,,,f,,{},meme,2014,65,"{""choice"":""blue"",""trial_num"":5,""is_practice"":false,""payout_condition"":""green"",""social_condition"":""social"",""randomization_color"":""green"",""proportion_utility"":0.48,""proportion_blue"":0.52,""k_chose_blue"":3,""k_chose_green"":5,""k_chose_utility"":5,""generation"":2,""network_id"":65,""node_id"":2014,""running_total_pay"":598,""current_bonus"":98,""participant_id"":189,""green_left"":true,""net_decision_index"":4,""is_overflow"":false,""is_equal"":false,""condition_replication"":2,""metadata_type"":""none"",""tie"":false}",blue,2,98,2,,True,False,False,False,3,5,5.0,none,4,65,2014,189,green,0.52,0.48,green,598,social,False,5,0,True,False,0
2378,2428,2019-09-17 16:58:57.645968,,,,,,f,,{},meme,2017,67,"{""choice"":""blue"",""trial_num"":7,""is_practice"":false,""payout_condition"":""green"",""social_condition"":""social"",""randomization_color"":""green"",""proportion_utility"":0.51,""proportion_blue"":0.49,""k_chose_blue"":5,""k_chose_green"":3,""k_chose_utility"":3,""generation"":2,""network_id"":67,""node_id"":2017,""running_total_pay"":751,""current_bonus"":51,""participant_id"":189,""green_left"":true,""net_decision_index"":6,""is_overflow"":false,""is_equal"":false,""condition_replication"":2,""metadata_type"":""none"",""tie"":false}",blue,2,51,2,,True,False,False,False,5,3,3.0,none,6,67,2017,189,green,0.49,0.51,green,751,social,False,7,0,False,False,0
2379,2434,2019-09-17 16:59:42.142111,,,,,,f,,{},meme,2023,70,"{""choice"":""green"",""trial_num"":10,""is_practice"":false,""payout_condition"":""green"",""social_condition"":""social"",""randomization_color"":""green"",""proportion_utility"":0.52,""proportion_blue"":0.48,""k_chose_blue"":3,""k_chose_green"":5,""k_chose_utility"":5,""generation"":2,""network_id"":70,""node_id"":2023,""running_total_pay"":1053,""current_bonus"":102,""participant_id"":189,""green_left"":true,""net_decision_index"":9,""is_overflow"":false,""is_equal"":false,""condition_replication"":2,""metadata_type"":""none"",""tie"":false}",green,2,102,2,,True,False,False,False,3,5,5.0,none,9,70,2023,189,green,0.48,0.52,green,1053,social,False,10,1,True,False,0
2385,2365,2019-09-17 16:54:23.309324,,,,,,f,,{},meme,1967,71,"{""choice"":""green"",""trial_num"":11,""is_practice"":false,""payout_condition"":""green"",""social_condition"":""social"",""randomization_color"":""green"",""proportion_utility"":0.51,""proportion_blue"":0.49,""k_chose_blue"":3,""k_chose_green"":5,""k_chose_utility"":5,""generation"":2,""network_id"":71,""node_id"":1967,""running_total_pay"":1052,""current_bonus"":101,""participant_id"":153,""green_left"":false,""net_decision_index"":10,""is_overflow"":false,""is_equal"":false,""condition_replication"":2,""metadata_type"":""none"",""tie"":false}",green,2,101,2,,False,False,False,False,3,5,5.0,none,10,71,1967,153,green,0.49,0.51,green,1052,social,False,11,1,True,False,0
2388,2298,2019-09-17 16:52:46.158144,,,,,,f,,{},meme,1914,67,"{""choice"":""blue"",""trial_num"":7,""is_practice"":false,""payout_condition"":""green"",""social_condition"":""social"",""randomization_color"":""green"",""proportion_utility"":0.51,""proportion_blue"":0.49,""k_chose_blue"":5,""k_chose_green"":3,""k_chose_utility"":3,""generation"":2,""network_id"":67,""node_id"":1914,""running_total_pay"":651,""current_bonus"":51,""participant_id"":153,""green_left"":false,""net_decision_index"":6,""is_overflow"":false,""is_equal"":false,""condition_replication"":2,""metadata_type"":""none"",""tie"":false}",blue,2,51,2,,False,False,False,False,5,3,3.0,none,6,67,1914,153,green,0.49,0.51,green,651,social,False,7,0,False,False,0
2397,2320,2019-09-17 16:53:21.700894,,,,,,f,,{},meme,1934,62,"{""choice"":""blue"",""trial_num"":2,""is_practice"":true,""payout_condition"":""green"",""social_condition"":""social"",""randomization_color"":""green"",""proportion_utility"":0.46,""proportion_blue"":0.54,""k_chose_blue"":4,""k_chose_green"":4,""k_chose_utility"":4,""generation"":2,""network_id"":62,""node_id"":1934,""running_total_pay"":500,""current_bonus"":96,""participant_id"":187,""green_left"":false,""net_decision_index"":1,""is_overflow"":false,""is_equal"":false,""condition_replication"":2,""metadata_type"":""none"",""green_first"":true,""tie"":true}",blue,2,96,2,True,False,False,False,True,4,4,4.0,none,1,62,1934,187,green,0.54,0.46,green,500,social,True,2,0,True,False,0
2401,2430,2019-09-17 16:59:13.192754,,,,,,f,,{},meme,2019,68,"{""choice"":""blue"",""trial_num"":8,""is_practice"":false,""payout_condition"":""green"",""social_condition"":""social"",""randomization_color"":""green"",""proportion_utility"":0.49,""proportion_blue"":0.51,""k_chose_blue"":1,""k_chose_green"":7,""k_chose_utility"":7,""generation"":2,""network_id"":68,""node_id"":2019,""running_total_pay"":850,""current_bonus"":99,""participant_id"":189,""green_left"":true,""net_decision_index"":7,""is_overflow"":false,""is_equal"":false,""condition_replication"":2,""metadata_type"":""none"",""tie"":false}",blue,2,99,2,,True,False,False,False,1,7,7.0,none,7,68,2019,189,green,0.51,0.49,green,850,social,False,8,0,True,False,0
2407,2327,2019-09-17 16:53:30.481302,,,,,,f,,{},meme,1936,70,"{""choice"":""green"",""trial_num"":9,""is_practice"":false,""payout_condition"":""green"",""social_condition"":""social"",""randomization_color"":""green"",""proportion_utility"":0.52,""proportion_blue"":0.48,""k_chose_blue"":3,""k_chose_green"":5,""k_chose_utility"":5,""generation"":2,""network_id"":70,""node_id"":1936,""running_total_pay"":852,""current_bonus"":102,""participant_id"":153,""green_left"":false,""net_decision_index"":9,""is_overflow"":false,""is_equal"":false,""condition_replication"":2,""metadata_type"":""none"",""tie"":false}",green,2,102,2,,False,False,False,False,3,5,5.0,none,9,70,1936,153,green,0.48,0.52,green,852,social,False,9,1,True,False,0
2411,2414,2019-09-17 16:57:25.606806,,,,,,f,,{},meme,2006,65,"{""choice"":""blue"",""trial_num"":5,""is_practice"":false,""payout_condition"":""green"",""social_condition"":""social"",""randomization_color"":""green"",""proportion_utility"":0.48,""proportion_blue"":0.52,""k_chose_blue"":3,""k_chose_green"":5,""k_chose_utility"":5,""generation"":2,""network_id"":65,""node_id"":2006,""running_total_pay"":598,""current_bonus"":98,""participant_id"":187,""green_left"":false,""net_decision_index"":4,""is_overflow"":false,""is_equal"":false,""condition_replication"":2,""metadata_type"":""none"",""tie"":false}",blue,2,98,2,,False,False,False,False,3,5,5.0,none,4,65,2006,187,green,0.52,0.48,green,598,social,False,5,0,True,False,0
2417,2314,2019-09-17 16:53:09.921622,,,,,,f,,{},meme,1924,68,"{""choice"":""blue"",""trial_num"":8,""is_practice"":false,""payout_condition"":""green"",""social_condition"":""social"",""randomization_color"":""green"",""proportion_utility"":0.49,""proportion_blue"":0.51,""k_chose_blue"":1,""k_chose_green"":7,""k_chose_utility"":7,""generation"":2,""network_id"":68,""node_id"":1924,""running_total_pay"":750,""current_bonus"":99,""participant_id"":153,""green_left"":false,""net_decision_index"":7,""is_overflow"":false,""is_equal"":false,""condition_replication"":2,""metadata_type"":""none"",""tie"":false}",blue,2,99,2,,False,False,False,False,1,7,7.0,none,7,68,1924,153,green,0.51,0.49,green,750,social,False,8,0,True,False,0
2422,2436,2019-09-17 17:00:02.9212,,,,,,f,,{},meme,2025,72,"{""choice"":""blue"",""trial_num"":12,""is_practice"":false,""payout_condition"":""green"",""social_condition"":""social"",""randomization_color"":""green"",""proportion_utility"":0.49,""proportion_blue"":0.51,""k_chose_blue"":5,""k_chose_green"":3,""k_chose_utility"":3,""generation"":2,""network_id"":72,""node_id"":2025,""running_total_pay"":1250,""current_bonus"":99,""participant_id"":189,""green_left"":true,""net_decision_index"":11,""is_overflow"":false,""is_equal"":false,""condition_replication"":2,""metadata_type"":""none"",""tie"":false}",blue,2,99,2,,True,False,False,False,5,3,3.0,none,11,72,2025,189,green,0.51,0.49,green,1250,social,False,12,0,True,False,0
2432,2386,2019-09-17 16:55:01.581053,,,,,,f,,{},meme,1980,69,"{""choice"":""green"",""trial_num"":12,""is_practice"":false,""payout_condition"":""green"",""social_condition"":""social"",""randomization_color"":""green"",""proportion_utility"":0.48,""proportion_blue"":0.52,""k_chose_blue"":3,""k_chose_green"":5,""k_chose_utility"":5,""generation"":2,""network_id"":69,""node_id"":1980,""running_total_pay"":1100,""current_bonus"":48,""participant_id"":153,""green_left"":false,""net_decision_index"":8,""is_overflow"":false,""is_equal"":false,""condition_replication"":2,""metadata_type"":""none"",""tie"":false}",green,2,48,2,,False,False,False,False,3,5,5.0,none,8,69,1980,153,green,0.52,0.48,green,1100,social,False,12,1,False,False,0
2433,2389,2019-09-17 16:55:06.685642,,,,,,f,,{},meme,1947,61,"{""choice"":""green"",""trial_num"":1,""is_practice"":true,""payout_condition"":""green"",""social_condition"":""social"",""randomization_color"":""green"",""proportion_utility"":0.53,""proportion_blue"":0.47,""k_chose_blue"":1,""k_chose_green"":7,""k_chose_utility"":7,""generation"":2,""network_id"":61,""node_id"":1947,""running_total_pay"":500,""current_bonus"":103,""participant_id"":189,""green_left"":true,""net_decision_index"":0,""is_overflow"":false,""is_equal"":false,""condition_replication"":2,""metadata_type"":""none"",""tie"":false}",green,2,103,2,,True,False,False,True,1,7,7.0,none,0,61,1947,189,green,0.47,0.53,green,500,social,False,1,1,True,False,0
2438,2333,2019-09-17 16:53:37.96078,,,,,,f,,{},meme,1946,63,"{""choice"":""blue"",""trial_num"":3,""is_practice"":true,""payout_condition"":""green"",""social_condition"":""social"",""randomization_color"":""green"",""proportion_utility"":0.47,""proportion_blue"":0.53,""k_chose_blue"":5,""k_chose_green"":3,""k_chose_utility"":3,""generation"":2,""network_id"":63,""node_id"":1946,""running_total_pay"":500,""current_bonus"":97,""participant_id"":187,""green_left"":false,""net_decision_index"":2,""is_overflow"":false,""is_equal"":false,""condition_replication"":2,""metadata_type"":""none"",""green_first"":true,""tie"":false}",blue,2,97,2,True,False,False,False,True,5,3,3.0,none,2,63,1946,187,green,0.53,0.47,green,500,social,False,3,0,True,False,0
2449,2393,2019-09-17 16:55:24.608577,,,,,,f,,{},meme,1991,62,"{""choice"":""blue"",""trial_num"":2,""is_practice"":true,""payout_condition"":""green"",""social_condition"":""social"",""randomization_color"":""green"",""proportion_utility"":0.46,""proportion_blue"":0.54,""k_chose_blue"":4,""k_chose_green"":4,""k_chose_utility"":4,""generation"":2,""network_id"":62,""node_id"":1991,""running_total_pay"":500,""current_bonus"":96,""participant_id"":189,""green_left"":true,""net_decision_index"":1,""is_overflow"":false,""is_equal"":false,""condition_replication"":2,""metadata_type"":""none"",""green_first"":false,""tie"":true}",blue,2,96,2,False,True,False,False,True,4,4,4.0,none,1,62,1991,189,green,0.54,0.46,green,500,social,True,2,0,True,False,0
2451,2416,2019-09-17 16:57:34.958577,,,,,,f,,{},meme,2007,66,"{""choice"":""blue"",""trial_num"":6,""is_practice"":false,""payout_condition"":""green"",""social_condition"":""social"",""randomization_color"":""green"",""proportion_utility"":0.52,""proportion_blue"":0.48,""k_chose_blue"":3,""k_chose_green"":5,""k_chose_utility"":5,""generation"":2,""network_id"":66,""node_id"":2007,""running_total_pay"":650,""current_bonus"":52,""participant_id"":187,""green_left"":false,""net_decision_index"":5,""is_overflow"":false,""is_equal"":false,""condition_replication"":2,""metadata_type"":""none"",""tie"":false}",blue,2,52,2,,False,False,False,False,3,5,5.0,none,5,66,2007,187,green,0.48,0.52,green,650,social,False,6,0,False,False,0
2452,2423,2019-09-17 16:58:26.207734,,,,,,f,,{},meme,2015,72,"{""choice"":""green"",""trial_num"":12,""is_practice"":false,""payout_condition"":""green"",""social_condition"":""social"",""randomization_color"":""green"",""proportion_utility"":0.49,""proportion_blue"":0.51,""k_chose_blue"":5,""k_chose_green"":3,""k_chose_utility"":3,""generation"":2,""network_id"":72,""node_id"":2015,""running_total_pay"":1100,""current_bonus"":49,""participant_id"":187,""green_left"":false,""net_decision_index"":11,""is_overflow"":false,""is_equal"":false,""condition_replication"":2,""metadata_type"":""none"",""tie"":false}",green,2,49,2,,False,False,False,False,5,3,3.0,none,11,72,2015,187,green,0.51,0.49,green,1100,social,False,12,1,False,False,0
2459,2400,2019-09-17 16:55:46.826202,,,,,,f,,{},meme,1995,63,"{""choice"":""blue"",""trial_num"":3,""is_practice"":true,""payout_condition"":""green"",""social_condition"":""social"",""randomization_color"":""green"",""proportion_utility"":0.47,""proportion_blue"":0.53,""k_chose_blue"":5,""k_chose_green"":3,""k_chose_utility"":3,""generation"":2,""network_id"":63,""node_id"":1995,""running_total_pay"":500,""current_bonus"":97,""participant_id"":189,""green_left"":true,""net_decision_index"":2,""is_overflow"":false,""is_equal"":false,""condition_replication"":2,""metadata_type"":""none"",""green_first"":false,""tie"":false}",blue,2,97,2,False,True,False,False,True,5,3,3.0,none,2,63,1995,189,green,0.53,0.47,green,500,social,False,3,0,True,False,0
2462,2402,2019-09-17 16:56:01.420101,,,,,,f,,{},meme,1997,64,"{""choice"":""green"",""trial_num"":4,""is_practice"":true,""payout_condition"":""green"",""social_condition"":""social"",""randomization_color"":""green"",""proportion_utility"":0.54,""proportion_blue"":0.46,""k_chose_blue"":1,""k_chose_green"":7,""k_chose_utility"":7,""generation"":2,""network_id"":64,""node_id"":1997,""running_total_pay"":500,""current_bonus"":104,""participant_id"":189,""green_left"":true,""net_decision_index"":3,""is_overflow"":false,""is_equal"":false,""condition_replication"":2,""metadata_type"":""none"",""green_first"":false,""tie"":false}",green,2,104,2,False,True,False,False,True,1,7,7.0,none,3,64,1997,189,green,0.46,0.54,green,500,social,False,4,1,True,False,0
2464,2420,2019-09-17 16:58:00.593281,,,,,,f,,{},meme,2011,70,"{""choice"":""green"",""trial_num"":9,""is_practice"":false,""payout_condition"":""green"",""social_condition"":""social"",""randomization_color"":""green"",""proportion_utility"":0.52,""proportion_blue"":0.48,""k_chose_blue"":3,""k_chose_green"":5,""k_chose_utility"":5,""generation"":2,""network_id"":70,""node_id"":2011,""running_total_pay"":852,""current_bonus"":102,""participant_id"":187,""green_left"":false,""net_decision_index"":9,""is_overflow"":false,""is_equal"":false,""condition_replication"":2,""metadata_type"":""none"",""tie"":false}",green,2,102,2,,False,False,False,False,3,5,5.0,none,9,70,2011,187,green,0.48,0.52,green,852,social,False,9,1,True,False,0
2465,2435,2019-09-17 16:59:51.961509,,,,,,f,,{},meme,2024,69,"{""choice"":""blue"",""trial_num"":11,""is_practice"":false,""payout_condition"":""green"",""social_condition"":""social"",""randomization_color"":""green"",""proportion_utility"":0.48,""proportion_blue"":0.52,""k_chose_blue"":3,""k_chose_green"":5,""k_chose_utility"":5,""generation"":2,""network_id"":69,""node_id"":2024,""running_total_pay"":1151,""current_bonus"":98,""participant_id"":189,""green_left"":true,""net_decision_index"":8,""is_overflow"":false,""is_equal"":false,""condition_replication"":2,""metadata_type"":""none"",""tie"":false}",blue,2,98,2,,True,False,False,False,3,5,5.0,none,8,69,2024,189,green,0.52,0.48,green,1151,social,False,11,0,True,False,0
2497,2558,2019-09-17 17:19:45.954207,,,,,,f,,{},meme,2120,72,"{""choice"":""blue"",""trial_num"":11,""is_practice"":false,""payout_condition"":""green"",""social_condition"":""social"",""randomization_color"":""green"",""proportion_utility"":0.49,""proportion_blue"":0.51,""k_chose_blue"":5,""k_chose_green"":3,""k_chose_utility"":3,""generation"":2,""network_id"":72,""node_id"":2120,""running_total_pay"":1052,""current_bonus"":99,""participant_id"":200,""green_left"":true,""net_decision_index"":11,""is_overflow"":false,""is_equal"":false,""condition_replication"":2,""metadata_type"":""none"",""tie"":false}",blue,2,99,2,,True,False,False,False,5,3,3.0,none,11,72,2120,200,green,0.51,0.49,green,1052,social,False,11,0,True,False,0
2507,2525,2019-09-17 17:17:23.425064,,,,,,f,,{},meme,2098,63,"{""choice"":""blue"",""trial_num"":3,""is_practice"":true,""payout_condition"":""green"",""social_condition"":""social"",""randomization_color"":""green"",""proportion_utility"":0.47,""proportion_blue"":0.53,""k_chose_blue"":5,""k_chose_green"":3,""k_chose_utility"":3,""generation"":2,""network_id"":63,""node_id"":2098,""running_total_pay"":500,""current_bonus"":97,""participant_id"":200,""green_left"":true,""net_decision_index"":2,""is_overflow"":false,""is_equal"":false,""condition_replication"":2,""metadata_type"":""none"",""green_first"":false,""tie"":false}",blue,2,97,2,False,True,False,False,True,5,3,3.0,none,2,63,2098,200,green,0.53,0.47,green,500,social,False,3,0,True,False,0
2511,2553,2019-09-17 17:19:16.811482,,,,,,f,,{},meme,2116,68,"{""choice"":""green"",""trial_num"":8,""is_practice"":false,""payout_condition"":""green"",""social_condition"":""social"",""randomization_color"":""green"",""proportion_utility"":0.49,""proportion_blue"":0.51,""k_chose_blue"":1,""k_chose_green"":7,""k_chose_utility"":7,""generation"":2,""network_id"":68,""node_id"":2116,""running_total_pay"":750,""current_bonus"":49,""participant_id"":200,""green_left"":true,""net_decision_index"":7,""is_overflow"":false,""is_equal"":false,""condition_replication"":2,""metadata_type"":""none"",""tie"":false}",green,2,49,2,,True,False,False,False,1,7,7.0,none,7,68,2116,200,green,0.51,0.49,green,750,social,False,8,1,False,False,0
2527,2510,2019-09-17 17:16:50.246087,,,,,,f,,{},meme,2080,61,"{""choice"":""green"",""trial_num"":1,""is_practice"":true,""payout_condition"":""green"",""social_condition"":""social"",""randomization_color"":""green"",""proportion_utility"":0.53,""proportion_blue"":0.47,""k_chose_blue"":1,""k_chose_green"":7,""k_chose_utility"":7,""generation"":2,""network_id"":61,""node_id"":2080,""running_total_pay"":500,""current_bonus"":103,""participant_id"":200,""green_left"":true,""net_decision_index"":0,""is_overflow"":false,""is_equal"":false,""condition_replication"":2,""metadata_type"":""none"",""tie"":false}",green,2,103,2,,True,False,False,True,1,7,7.0,none,0,61,2080,200,green,0.47,0.53,green,500,social,False,1,1,True,False,0
2528,2529,2019-09-17 17:17:38.985254,,,,,,f,,{},meme,2102,64,"{""choice"":""green"",""trial_num"":4,""is_practice"":true,""payout_condition"":""green"",""social_condition"":""social"",""randomization_color"":""green"",""proportion_utility"":0.54,""proportion_blue"":0.46,""k_chose_blue"":1,""k_chose_green"":7,""k_chose_utility"":7,""generation"":2,""network_id"":64,""node_id"":2102,""running_total_pay"":500,""current_bonus"":104,""participant_id"":200,""green_left"":true,""net_decision_index"":3,""is_overflow"":false,""is_equal"":false,""condition_replication"":2,""metadata_type"":""none"",""green_first"":false,""tie"":false}",green,2,104,2,False,True,False,False,True,1,7,7.0,none,3,64,2102,200,green,0.46,0.54,green,500,social,False,4,1,True,False,0
2530,2546,2019-09-17 17:18:47.799919,,,,,,f,,{},meme,2109,65,"{""choice"":""green"",""trial_num"":5,""is_practice"":false,""payout_condition"":""green"",""social_condition"":""social"",""randomization_color"":""green"",""proportion_utility"":0.48,""proportion_blue"":0.52,""k_chose_blue"":3,""k_chose_green"":5,""k_chose_utility"":5,""generation"":2,""network_id"":65,""node_id"":2109,""running_total_pay"":548,""current_bonus"":48,""participant_id"":200,""green_left"":true,""net_decision_index"":4,""is_overflow"":false,""is_equal"":false,""condition_replication"":2,""metadata_type"":""none"",""tie"":false}",green,2,48,2,,True,False,False,False,3,5,5.0,none,4,65,2109,200,green,0.52,0.48,green,548,social,False,5,1,False,False,0
2554,2548,2019-09-17 17:18:57.16477,,,,,,f,,{},meme,2112,66,"{""choice"":""green"",""trial_num"":6,""is_practice"":false,""payout_condition"":""green"",""social_condition"":""social"",""randomization_color"":""green"",""proportion_utility"":0.52,""proportion_blue"":0.48,""k_chose_blue"":3,""k_chose_green"":5,""k_chose_utility"":5,""generation"":2,""network_id"":66,""node_id"":2112,""running_total_pay"":650,""current_bonus"":102,""participant_id"":200,""green_left"":true,""net_decision_index"":5,""is_overflow"":false,""is_equal"":false,""condition_replication"":2,""metadata_type"":""none"",""tie"":false}",green,2,102,2,,True,False,False,False,3,5,5.0,none,5,66,2112,200,green,0.48,0.52,green,650,social,False,6,1,True,False,0
2561,2477,2019-09-17 17:12:41.506013,,,,,,f,,{},meme,2060,61,"{""choice"":""green"",""trial_num"":1,""is_practice"":true,""payout_condition"":""green"",""social_condition"":""social"",""randomization_color"":""green"",""proportion_utility"":0.53,""proportion_blue"":0.47,""k_chose_blue"":1,""k_chose_green"":7,""k_chose_utility"":7,""generation"":2,""network_id"":61,""node_id"":2060,""running_total_pay"":500,""current_bonus"":103,""participant_id"":195,""green_left"":false,""net_decision_index"":0,""is_overflow"":false,""is_equal"":false,""condition_replication"":2,""metadata_type"":""none"",""tie"":false}",green,2,103,2,,False,False,True,True,1,7,7.0,none,0,61,2060,195,green,0.47,0.53,green,500,social,False,1,1,True,False,0
2563,2479,2019-09-17 17:12:59.354983,,,,,,f,,{},meme,2061,62,"{""choice"":""blue"",""trial_num"":2,""is_practice"":true,""payout_condition"":""green"",""social_condition"":""social"",""randomization_color"":""green"",""proportion_utility"":0.46,""proportion_blue"":0.54,""k_chose_blue"":4,""k_chose_green"":4,""k_chose_utility"":4,""generation"":2,""network_id"":62,""node_id"":2061,""running_total_pay"":500,""current_bonus"":96,""participant_id"":195,""green_left"":false,""net_decision_index"":1,""is_overflow"":false,""is_equal"":false,""condition_replication"":2,""metadata_type"":""none"",""green_first"":false,""tie"":true}",blue,2,96,2,False,False,False,True,True,4,4,4.0,none,1,62,2061,195,green,0.54,0.46,green,500,social,True,2,0,True,False,0
2565,2482,2019-09-17 17:13:17.443063,,,,,,f,,{},meme,2063,63,"{""choice"":""blue"",""trial_num"":3,""is_practice"":true,""payout_condition"":""green"",""social_condition"":""social"",""randomization_color"":""green"",""proportion_utility"":0.47,""proportion_blue"":0.53,""k_chose_blue"":5,""k_chose_green"":3,""k_chose_utility"":3,""generation"":2,""network_id"":63,""node_id"":2063,""running_total_pay"":500,""current_bonus"":97,""participant_id"":195,""green_left"":false,""net_decision_index"":2,""is_overflow"":false,""is_equal"":false,""condition_replication"":2,""metadata_type"":""none"",""green_first"":false,""tie"":false}",blue,2,97,2,False,False,False,True,True,5,3,3.0,none,2,63,2063,195,green,0.53,0.47,green,500,social,False,3,0,True,False,0
2566,2484,2019-09-17 17:13:44.016693,,,,,,f,,{},meme,2067,64,"{""choice"":""green"",""trial_num"":4,""is_practice"":true,""payout_condition"":""green"",""social_condition"":""social"",""randomization_color"":""green"",""proportion_utility"":0.54,""proportion_blue"":0.46,""k_chose_blue"":1,""k_chose_green"":7,""k_chose_utility"":7,""generation"":2,""network_id"":64,""node_id"":2067,""running_total_pay"":500,""current_bonus"":104,""participant_id"":195,""green_left"":false,""net_decision_index"":3,""is_overflow"":false,""is_equal"":false,""condition_replication"":2,""metadata_type"":""none"",""green_first"":false,""tie"":false}",green,2,104,2,False,False,False,True,True,1,7,7.0,none,3,64,2067,195,green,0.46,0.54,green,500,social,False,4,1,True,False,0
2567,2494,2019-09-17 17:15:44.828182,,,,,,f,,{},meme,2073,66,"{""choice"":""green"",""trial_num"":6,""is_practice"":false,""payout_condition"":""green"",""social_condition"":""social"",""randomization_color"":""green"",""proportion_utility"":0.52,""proportion_blue"":0.48,""k_chose_blue"":3,""k_chose_green"":5,""k_chose_utility"":5,""generation"":2,""network_id"":66,""node_id"":2073,""running_total_pay"":700,""current_bonus"":102,""participant_id"":195,""green_left"":false,""net_decision_index"":5,""is_overflow"":false,""is_equal"":false,""condition_replication"":2,""metadata_type"":""none"",""tie"":false}",green,2,102,2,,False,False,True,False,3,5,5.0,none,5,66,2073,195,green,0.48,0.52,green,700,social,False,6,1,True,False,0
2570,2519,2019-09-17 17:17:06.594882,,,,,,f,,{},meme,2093,62,"{""choice"":""blue"",""trial_num"":2,""is_practice"":true,""payout_condition"":""green"",""social_condition"":""social"",""randomization_color"":""green"",""proportion_utility"":0.46,""proportion_blue"":0.54,""k_chose_blue"":4,""k_chose_green"":4,""k_chose_utility"":4,""generation"":2,""network_id"":62,""node_id"":2093,""running_total_pay"":500,""current_bonus"":96,""participant_id"":200,""green_left"":true,""net_decision_index"":1,""is_overflow"":false,""is_equal"":false,""condition_replication"":2,""metadata_type"":""none"",""green_first"":false,""tie"":true}",blue,2,96,2,False,True,False,False,True,4,4,4.0,none,1,62,2093,200,green,0.54,0.46,green,500,social,True,2,0,True,False,0
2577,2490,2019-09-17 17:15:28.85993,,,,,,f,,{},meme,2070,65,"{""choice"":""blue"",""trial_num"":5,""is_practice"":false,""payout_condition"":""green"",""social_condition"":""social"",""randomization_color"":""green"",""proportion_utility"":0.48,""proportion_blue"":0.52,""k_chose_blue"":3,""k_chose_green"":5,""k_chose_utility"":5,""generation"":2,""network_id"":65,""node_id"":2070,""running_total_pay"":598,""current_bonus"":98,""participant_id"":195,""green_left"":false,""net_decision_index"":4,""is_overflow"":false,""is_equal"":false,""condition_replication"":2,""metadata_type"":""none"",""tie"":false}",blue,2,98,2,,False,False,True,False,3,5,5.0,none,4,65,2070,195,green,0.52,0.48,green,598,social,False,5,0,True,False,0
2582,2499,2019-09-17 17:16:14.37027,,,,,,f,,{},meme,2077,67,"{""choice"":""blue"",""trial_num"":7,""is_practice"":false,""payout_condition"":""green"",""social_condition"":""social"",""randomization_color"":""green"",""proportion_utility"":0.51,""proportion_blue"":0.49,""k_chose_blue"":5,""k_chose_green"":3,""k_chose_utility"":3,""generation"":2,""network_id"":67,""node_id"":2077,""running_total_pay"":751,""current_bonus"":51,""participant_id"":195,""green_left"":false,""net_decision_index"":6,""is_overflow"":false,""is_equal"":false,""condition_replication"":2,""metadata_type"":""none"",""tie"":false}",blue,2,51,2,,False,False,True,False,5,3,3.0,none,6,67,2077,195,green,0.49,0.51,green,751,social,False,7,0,False,False,0
2586,2504,2019-09-17 17:16:29.419142,,,,,,f,,{},meme,2083,68,"{""choice"":""green"",""trial_num"":8,""is_practice"":false,""payout_condition"":""green"",""social_condition"":""social"",""randomization_color"":""green"",""proportion_utility"":0.49,""proportion_blue"":0.51,""k_chose_blue"":1,""k_chose_green"":7,""k_chose_utility"":7,""generation"":2,""network_id"":68,""node_id"":2083,""running_total_pay"":800,""current_bonus"":49,""participant_id"":195,""green_left"":false,""net_decision_index"":7,""is_overflow"":false,""is_equal"":false,""condition_replication"":2,""metadata_type"":""none"",""tie"":false}",green,2,49,2,,False,False,True,False,1,7,7.0,none,7,68,2083,195,green,0.51,0.49,green,800,social,False,8,1,False,False,0
2588,2509,2019-09-17 17:16:46.706763,,,,,,f,,{},meme,2087,69,"{""choice"":""green"",""trial_num"":9,""is_practice"":false,""payout_condition"":""green"",""social_condition"":""social"",""randomization_color"":""green"",""proportion_utility"":0.48,""proportion_blue"":0.52,""k_chose_blue"":3,""k_chose_green"":5,""k_chose_utility"":5,""generation"":2,""network_id"":69,""node_id"":2087,""running_total_pay"":848,""current_bonus"":48,""participant_id"":195,""green_left"":false,""net_decision_index"":8,""is_overflow"":false,""is_equal"":false,""condition_replication"":2,""metadata_type"":""none"",""tie"":false}",green,2,48,2,,False,False,True,False,3,5,5.0,none,8,69,2087,195,green,0.52,0.48,green,848,social,False,9,1,False,False,0
2592,2517,2019-09-17 17:17:01.79952,,,,,,f,,{},meme,2091,70,"{""choice"":""green"",""trial_num"":10,""is_practice"":false,""payout_condition"":""green"",""social_condition"":""social"",""randomization_color"":""green"",""proportion_utility"":0.52,""proportion_blue"":0.48,""k_chose_blue"":3,""k_chose_green"":5,""k_chose_utility"":5,""generation"":2,""network_id"":70,""node_id"":2091,""running_total_pay"":950,""current_bonus"":102,""participant_id"":195,""green_left"":false,""net_decision_index"":9,""is_overflow"":false,""is_equal"":false,""condition_replication"":2,""metadata_type"":""none"",""tie"":false}",green,2,102,2,,False,False,True,False,3,5,5.0,none,9,70,2091,195,green,0.48,0.52,green,950,social,False,10,1,True,False,0
2594,2556,2019-09-17 17:19:36.133928,,,,,,f,,{},meme,2119,71,"{""choice"":""green"",""trial_num"":10,""is_practice"":false,""payout_condition"":""green"",""social_condition"":""social"",""randomization_color"":""green"",""proportion_utility"":0.51,""proportion_blue"":0.49,""k_chose_blue"":3,""k_chose_green"":5,""k_chose_utility"":5,""generation"":2,""network_id"":71,""node_id"":2119,""running_total_pay"":953,""current_bonus"":101,""participant_id"":200,""green_left"":true,""net_decision_index"":10,""is_overflow"":false,""is_equal"":false,""condition_replication"":2,""metadata_type"":""none"",""tie"":false}",green,2,101,2,,True,False,False,False,3,5,5.0,none,10,71,2119,200,green,0.49,0.51,green,953,social,False,10,1,True,False,0
2599,2524,2019-09-17 17:17:22.939618,,,,,,f,,{},meme,2096,71,"{""choice"":""green"",""trial_num"":11,""is_practice"":false,""payout_condition"":""green"",""social_condition"":""social"",""randomization_color"":""green"",""proportion_utility"":0.51,""proportion_blue"":0.49,""k_chose_blue"":3,""k_chose_green"":5,""k_chose_utility"":5,""generation"":2,""network_id"":71,""node_id"":2096,""running_total_pay"":1051,""current_bonus"":101,""participant_id"":195,""green_left"":false,""net_decision_index"":10,""is_overflow"":false,""is_equal"":false,""condition_replication"":2,""metadata_type"":""none"",""tie"":false}",green,2,101,2,,False,False,True,False,3,5,5.0,none,10,71,2096,195,green,0.49,0.51,green,1051,social,False,11,1,True,False,0
2608,2530,2019-09-17 17:17:39.369562,,,,,,f,,{},meme,2100,72,"{""choice"":""blue"",""trial_num"":12,""is_practice"":false,""payout_condition"":""green"",""social_condition"":""social"",""randomization_color"":""green"",""proportion_utility"":0.49,""proportion_blue"":0.51,""k_chose_blue"":5,""k_chose_green"":3,""k_chose_utility"":3,""generation"":2,""network_id"":72,""node_id"":2100,""running_total_pay"":1150,""current_bonus"":99,""participant_id"":195,""green_left"":false,""net_decision_index"":11,""is_overflow"":false,""is_equal"":false,""condition_replication"":2,""metadata_type"":""none"",""tie"":false}",blue,2,99,2,,False,False,True,False,5,3,3.0,none,11,72,2100,195,green,0.51,0.49,green,1150,social,False,12,0,True,False,0
2627,2555,2019-09-17 17:19:25.845247,,,,,,f,,{},meme,2117,70,"{""choice"":""green"",""trial_num"":9,""is_practice"":false,""payout_condition"":""green"",""social_condition"":""social"",""randomization_color"":""green"",""proportion_utility"":0.52,""proportion_blue"":0.48,""k_chose_blue"":3,""k_chose_green"":5,""k_chose_utility"":5,""generation"":2,""network_id"":70,""node_id"":2117,""running_total_pay"":852,""current_bonus"":102,""participant_id"":200,""green_left"":true,""net_decision_index"":9,""is_overflow"":false,""is_equal"":false,""condition_replication"":2,""metadata_type"":""none"",""tie"":false}",green,2,102,2,,True,False,False,False,3,5,5.0,none,9,70,2117,200,green,0.48,0.52,green,852,social,False,9,1,True,False,0
2628,2559,2019-09-17 17:19:55.461207,,,,,,f,,{},meme,2121,69,"{""choice"":""green"",""trial_num"":12,""is_practice"":false,""payout_condition"":""green"",""social_condition"":""social"",""randomization_color"":""green"",""proportion_utility"":0.48,""proportion_blue"":0.52,""k_chose_blue"":3,""k_chose_green"":5,""k_chose_utility"":5,""generation"":2,""network_id"":69,""node_id"":2121,""running_total_pay"":1100,""current_bonus"":48,""participant_id"":200,""green_left"":true,""net_decision_index"":8,""is_overflow"":false,""is_equal"":false,""condition_replication"":2,""metadata_type"":""none"",""tie"":false}",green,2,48,2,,True,False,False,False,3,5,5.0,none,8,69,2121,200,green,0.52,0.48,green,1100,social,False,12,1,False,False,0
